id_entrega,fecha_entrega,id_vehiculo
0,07/01/2012,18
1,18/02/2001,126
2,19/10/2022,138
3,24/11/2015,152
4,05/12/2007,83
5,18/01/2010,155
6,26/08/2014,139
7,08/09/2010,88
8,09/10/2004,111
9,24/07/2011,9
10,05/09/2013,136
11,13/11/2019,99
12,04/04/2010,188
13,08/02/2002,10
14,19/02/2010,195
15,02/02/2015,63
16,22/02/2021,5
17,22/12/2004,160
18,08/10/2007,129
19,04/08/2020,175
20,07/10/2007,59
21,18/08/2010,96
22,28/08/2010,32
23,25/12/2001,25
24,08/11/2011,147
25,02/04/2003,57
26,29/09/2007,162
27,24/07/2012,196
28,27/12/2005,112
29,11/05/2014,134
30,10/03/2017,38
31,06/10/2008,183
32,22/03/2012,118
33,19/12/2021,60
34,12/03/2018,94
35,26/05/2003,115
36,17/01/2002,57
37,02/10/2009,16
38,30/03/2019,153
39,04/02/2013,179
40,26/05/2001,18
41,09/04/2007,56
42,23/09/2015,25
43,22/03/2012,118
44,10/11/2005,157
45,30/06/2010,171
46,02/04/2005,119
47,25/12/2001,180
48,20/06/2010,152
49,10/05/2002,28
50,13/11/2019,87
51,11/12/2002,159
52,23/12/2020,62
53,26/05/2003,62
54,30/12/2002,33
55,30/12/2002,83
56,30/06/2010,168
57,30/10/2022,45
58,25/07/2012,9
59,19/06/2004,71
60,05/11/2018,22
61,23/01/2020,78
62,19/01/2005,118
63,02/02/2015,96
64,13/11/2016,45
65,11/12/2002,133
66,01/02/2013,9
67,16/06/2000,188
68,17/12/2017,175
69,15/09/2002,167
70,12/01/2022,50
71,12/07/2019,104
72,10/06/2002,50
73,02/04/2004,31
74,30/04/2003,88
75,03/05/2005,192
76,25/02/2020,181
77,20/10/2007,190
78,19/11/2018,5
79,23/06/2014,104
80,25/01/2017,195
81,06/10/2008,179
82,07/02/2012,87
83,03/11/2001,170
84,13/01/2020,98
85,24/04/2016,123
86,03/02/2016,111
87,04/02/2021,46
88,11/07/2007,192
89,28/02/2007,38
90,19/04/2021,156
91,16/05/2019,72
92,07/02/2000,24
93,17/01/2002,70
94,15/06/2008,149
95,04/11/2019,144
96,08/07/2011,157
97,03/06/2016,52
98,22/04/2010,64
99,02/02/2018,141
100,08/12/2012,161
101,19/12/2013,45
102,21/03/2001,97
103,15/08/2004,198
104,17/07/2019,152
105,26/02/2006,198
106,02/06/2016,170
107,02/02/2018,9
108,17/05/2003,102
109,19/05/2022,64
110,27/03/2020,168
111,14/11/2019,104
112,12/11/2019,38
113,20/03/2011,66
114,04/04/2010,120
115,27/10/2016,53
116,14/01/2013,32
117,18/06/2012,96
118,04/05/2016,78
119,03/11/2008,115
120,21/01/2002,39
121,12/05/2012,23
122,01/07/2014,32
123,23/06/2010,21
124,02/04/2014,27
125,29/03/2001,31
126,28/09/2004,117
127,01/03/2012,94
128,07/08/2018,103
129,25/08/2017,196
130,15/01/2019,121
131,26/05/2019,45
132,07/10/2007,45
133,12/07/2021,169
134,14/04/2020,187
135,15/01/2006,152
136,13/01/2020,109
137,14/02/2021,171
138,19/02/2016,29
139,24/08/2013,61
140,11/09/2022,71
141,02/10/2009,184
142,16/05/2019,174
143,12/05/2001,149
144,11/10/2017,6
145,08/09/2010,130
146,11/10/2017,12
147,12/05/2000,99
148,02/05/2017,187
149,09/10/2004,165
150,12/06/2007,129
151,22/05/2016,178
152,13/12/2016,144
153,26/08/2001,157
154,03/11/2001,56
155,30/10/2022,54
156,09/10/2004,185
157,09/09/2015,149
158,13/11/2013,173
159,03/05/2005,156
160,25/03/2011,190
161,15/07/2012,106
162,18/08/2010,183
163,25/09/2009,3
164,09/12/2005,7
165,26/01/2018,115
166,13/11/2000,171
167,06/06/2000,72
168,21/11/2002,192
169,07/01/2012,101
170,15/06/2008,130
171,20/10/2007,92
172,15/08/2009,106
173,03/01/2021,48
174,22/04/2001,190
175,23/10/2006,167
176,19/12/2013,35
177,03/05/2014,195
178,08/08/2002,54
179,22/09/2017,3
180,30/07/2017,93
181,10/09/2011,4
182,10/03/2001,13
183,09/12/2002,39
184,07/02/2012,74
185,13/09/2015,66
186,15/12/2009,161
187,26/08/2010,124
188,13/03/2015,149
189,13/04/2012,110
190,13/12/2002,27
191,06/01/2013,54
192,03/06/2016,190
193,08/04/2021,124
194,29/07/2022,198
195,01/12/2001,27
196,08/09/2016,126
197,22/05/2016,20
198,15/09/2002,109
199,15/01/2019,67
200,22/04/2007,109
201,25/08/2017,94
202,09/05/2007,101
203,14/04/2011,184
204,02/02/2000,52
205,15/06/2010,39
206,27/11/2021,74
207,21/10/2009,87
208,26/08/2014,194
209,02/02/2013,16
210,30/07/2007,26
211,02/11/2002,76
212,25/03/2004,36
213,03/07/2019,184
214,03/05/2014,124
215,19/02/2005,38
216,30/09/2020,159
217,24/08/2022,3
218,15/04/2017,48
219,01/12/2001,180
220,28/01/2015,85
221,18/09/2019,155
222,15/11/2013,40
223,25/09/2009,11
224,19/12/2013,77
225,13/03/2018,134
226,08/11/2016,99
227,06/02/2019,169
228,31/01/2015,192
229,20/06/2010,151
230,27/06/2011,4
231,12/01/2017,30
232,02/08/2021,94
233,17/10/2013,160
234,27/10/2009,127
235,22/04/2007,100
236,07/02/2019,184
237,24/04/2016,168
238,01/01/2005,133
239,18/02/2001,25
240,01/10/2015,118
241,26/06/2008,128
242,11/09/2022,196
243,03/05/2020,25
244,26/05/2003,16
245,22/06/2021,192
246,16/08/2003,137
247,27/10/2013,156
248,30/08/2013,121
249,19/04/2021,146
250,28/02/2007,71
251,13/11/2013,157
252,15/11/2005,33
253,10/02/2009,69
254,12/01/2006,69
255,26/01/2017,193
256,26/01/2018,174
257,03/06/2001,52
258,21/01/2003,113
259,06/11/2016,124
260,09/12/2009,196
261,18/02/2014,0
262,26/08/2000,199
263,19/11/2018,49
264,19/12/2022,50
265,04/10/2000,6
266,19/09/2022,45
267,29/08/2007,147
268,06/03/2018,145
269,06/04/2022,108
270,28/03/2012,83
271,04/03/2006,128
272,01/10/2015,28
273,30/04/2003,195
274,12/06/2007,103
275,13/04/2007,3
276,13/11/2019,81
277,23/05/2011,187
278,23/06/2014,97
279,20/12/2015,21
280,18/02/2014,183
281,27/01/2012,192
282,25/10/2018,44
283,12/07/2021,59
284,13/11/2013,154
285,11/07/20202,149
286,19/10/2022,127
287,08/09/2010,163
288,28/09/2000,103
289,02/02/2000,43
290,26/05/2019,111
291,17/07/2007,61
292,29/10/2022,32
293,24/10/2010,26
294,03/02/2016,192
295,29/10/2019,25
296,18/02/2017,21
297,01/02/2013,64
298,13/11/2000,100
299,24/01/2005,75
300,03/05/2020,115
301,04/02/2021,77
302,18/09/2019,89
303,19/06/2004,24
304,17/08/2017,44
305,30/04/2003,30
306,26/01/2018,168
307,22/04/2013,25
308,25/12/2003,156
309,23/01/2020,122
310,30/10/2022,13
311,08/08/2002,123
312,26/06/2008,188
313,21/12/2021,6
314,24/07/2012,86
315,26/02/2017,62
316,27/04/2011,72
317,03/01/2015,44
318,09/01/2002,179
319,22/05/2016,189
320,15/08/2009,147
321,19/01/2005,93
322,10/09/2011,137
323,16/01/2002,99
324,27/07/2019,20
325,16/10/2002,140
326,17/09/2008,17
327,24/10/2010,190
328,14/03/2010,192
329,08/04/2010,166
330,01/05/2018,137
331,15/09/2002,184
332,20/12/2018,127
333,07/09/2005,158
334,26/02/2017,139
335,08/10/2013,34
336,28/04/2009,3
337,25/12/2014,79
338,12/02/2006,176
339,27/11/2021,129
340,19/02/2005,50
341,30/07/2017,84
342,12/05/2004,135
343,28/11/2003,61
344,26/05/2019,60
345,26/10/2002,19
346,05/08/2011,171
347,15/07/2012,149
348,17/07/2007,122
349,02/08/2021,14
350,06/05/2004,162
351,19/04/2021,125
352,01/01/2005,97
353,03/11/2008,153
354,16/01/2014,67
355,19/05/2022,6
356,28/09/2004,45
357,08/11/2011,23
358,02/04/2004,17
359,18/05/2005,23
360,16/11/2000,127
361,05/09/2013,61
362,26/09/2022,157
363,20/04/2013,128
364,19/11/2018,185
365,06/11/2016,70
366,11/05/2014,44
367,06/04/2022,45
368,09/01/2021,36
369,24/07/2011,145
370,26/10/2002,30
371,17/10/2013,141
372,19/02/2016,119
373,05/12/2006,166
374,21/09/2010,62
375,13/07/2014,119
376,13/10/2014,92
377,05/06/2001,159
378,19/02/2005,39
379,26/07/2018,98
380,18/09/2000,96
381,18/01/2010,175
382,29/12/2017,164
383,10/01/2009,98
384,12/02/2006,30
385,23/04/2000,29
386,07/05/2015,143
387,24/03/2011,154
388,31/03/2022,145
389,02/04/2014,9
390,26/06/2008,178
391,13/11/2013,99
392,01/08/2004,74
393,31/12/2011,138
394,14/04/2020,143
395,07/09/2020,182
396,15/08/2009,46
397,24/02/2013,14
398,02/08/2021,22
399,16/10/2005,2
400,27/03/2020,138
401,19/08/2000,189
402,09/12/2002,10
403,15/06/2010,189
404,31/05/2017,27
405,17/05/2014,31
406,06/10/2017,50
407,04/03/2002,164
408,16/02/2016,51
409,20/02/2012,98
410,23/04/2012,51
411,28/05/2014,171
412,09/12/2019,8
413,27/09/2006,14
414,04/10/2013,21
415,30/09/2020,134
416,05/12/2007,199
417,08/03/2012,169
418,23/11/2016,165
419,12/05/2012,118
420,26/02/2006,26
421,23/04/2012,74
422,12/06/2007,158
423,03/01/2015,75
424,26/08/2010,75
425,17/09/2005,93
426,06/11/2016,175
427,15/07/2012,5
428,26/08/2014,84
429,24/04/2016,111
430,17/08/2012,194
431,15/04/2017,180
432,31/08/2015,89
433,10/02/2018,127
434,08/07/2011,148
435,13/11/2016,142
436,23/10/2000,176
437,05/03/2001,173
438,13/08/2009,163
439,20/10/2022,158
440,04/10/2012,172
441,27/01/2012,58
442,28/11/2004,29
443,09/05/2007,63
444,14/04/2020,53
445,02/08/2021,54
446,23/04/2012,172
447,28/05/2014,169
448,23/04/2000,37
449,10/05/2002,36
450,30/03/2002,86
451,05/01/2019,138
452,20/10/2022,146
453,09/10/2020,129
454,28/09/2004,89
455,26/10/2002,117
456,01/08/2004,51
457,05/12/2006,138
458,02/10/2008,92
459,21/12/2021,82
460,22/03/2012,60
461,14/12/2006,39
462,25/03/2004,93
463,11/05/2014,80
464,19/05/2022,52
465,21/10/2009,2
466,05/01/2019,27
467,29/10/2022,62
468,18/02/2017,26
469,07/04/2001,165
470,22/04/2013,7
471,26/07/2018,11
472,22/06/2021,24
473,19/02/2005,58
474,23/10/2000,192
475,10/03/2001,34
476,10/03/2017,16
477,20/06/2001,143
478,15/12/2009,197
479,06/11/2016,39
480,10/02/2009,116
481,25/06/2019,170
482,13/03/2015,4
483,20/11/2021,144
484,14/02/2021,10
485,04/11/2019,15
486,17/01/2002,100
487,09/03/2009,176
488,27/04/2011,160
489,26/11/2021,85
490,20/10/2010,141
491,18/11/2013,75
492,26/02/2006,38
493,04/10/2021,64
494,27/08/2016,23
495,17/10/2013,50
496,22/04/2010,146
497,12/10/2005,118
498,07/12/2011,142
499,26/08/2010,89
500,15/06/2008,152
501,16/01/2014,147
502,29/10/2019,21
503,28/09/2000,58
504,16/02/2016,129
505,02/05/2017,198
506,17/12/2022,149
507,03/02/2016,56
508,11/12/2002,77
509,18/06/2012,79
510,22/12/2004,66
511,17/05/2000,99
512,27/10/2009,152
513,02/02/2000,194
514,16/08/2002,164
515,29/01/2016,90
516,08/11/2017,188
517,08/10/2013,120
518,03/03/2006,157
519,28/11/2004,118
520,16/08/2002,97
521,30/10/2021,198
522,22/07/2001,151
523,28/10/2013,104
524,27/05/2020,158
525,16/10/2005,72
526,26/02/2004,86
527,12/03/2001,45
528,07/08/2005,184
529,12/09/2014,34
530,01/01/2005,28
531,02/06/2016,89
532,14/12/2016,71
533,10/03/2019,65
534,24/09/2014,153
535,24/09/2014,140
536,31/12/2011,33
537,11/07/2007,116
538,28/09/2000,161
539,23/05/2011,5
540,03/05/2012,128
541,25/07/2012,89
542,13/04/2012,67
543,25/12/2001,133
544,12/02/2006,94
545,05/12/2006,183
546,10/03/2017,62
547,28/08/2010,87
548,21/11/2002,196
549,26/12/2017,36
550,14/03/2010,149
551,27/12/2002,56
552,07/10/2005,5
553,19/12/2021,161
554,26/02/2006,196
555,07/08/2018,148
556,01/08/2004,166
557,30/10/2021,61
558,03/06/2016,177
559,03/11/2008,71
560,30/12/2002,147
561,18/10/2003,183
562,26/12/2017,109
563,15/08/2004,97
564,27/04/2009,177
565,28/11/2003,190
566,09/03/2009,104
567,30/12/2014,3
568,09/12/2019,196
569,09/09/2015,154
570,04/05/2016,154
571,30/08/2013,183
572,30/03/2019,118
573,29/07/2010,150
574,06/01/2013,16
575,12/11/2019,92
576,26/09/2022,141
577,01/07/2014,98
578,14/02/2013,169
579,13/03/2015,70
580,28/09/2013,16
581,23/06/2010,113
582,02/04/2005,86
583,20/03/2011,152
584,04/08/2020,152
585,19/01/2005,71
586,05/12/2014,40
587,26/09/2022,58
588,15/11/2005,170
589,02/10/2008,139
590,15/09/2002,186
591,25/09/2001,132
592,15/11/2005,161
593,16/01/2002,148
594,20/06/2001,44
595,28/01/2000,38
596,29/03/2001,1
597,10/02/2018,44
598,04/10/2017,111
599,19/01/2005,194
600,27/07/2019,197
601,08/03/2012,161
602,09/10/2020,106
603,08/11/2016,112
604,12/01/2006,121
605,28/05/2014,29
606,18/05/2007,1
607,22/09/2017,80
608,20/02/2012,81
609,19/12/2002,55
610,27/11/2021,71
611,05/06/2001,189
612,23/11/2016,68
613,30/03/2002,75
614,04/01/2020,50
615,15/01/2019,119
616,06/03/2018,21
617,09/01/2002,135
618,09/10/2005,3
619,05/07/2010,82
620,24/02/2013,91
621,02/04/2004,4
622,22/07/2009,25
623,17/09/2005,139
624,13/11/2000,58
625,27/08/2016,131
626,03/09/2007,48
627,02/08/2013,147
628,24/07/2012,184
629,15/02/2019,199
630,23/04/2022,90
631,12/10/2005,158
632,17/09/2005,126
633,14/02/2020,59
634,28/04/2009,151
635,07/02/2019,128
636,26/08/2010,113
637,03/05/2014,86
638,15/08/2009,152
639,13/11/2019,184
640,03/11/2001,117
641,23/12/2004,70
642,21/01/2003,106
643,19/11/2018,161
644,17/10/2013,144
645,24/08/2013,188
646,30/11/2015,6
647,18/05/2007,133
648,17/05/2000,164
649,01/05/2020,143
650,23/12/2020,135
651,14/02/2013,7
652,08/02/2002,103
653,15/12/2020,137
654,27/02/2005,74
655,10/06/2002,138
656,16/10/2005,105
657,12/04/2017,83
658,27/04/2009,94
659,12/09/2018,64
660,27/10/2013,132
661,25/02/2020,96
662,01/09/2007,118
663,22/09/2017,72
664,27/10/2013,3
665,16/01/2002,140
666,19/09/2022,14
667,22/04/2007,27
668,19/09/2006,29
669,23/01/2020,179
670,08/11/2017,28
671,01/10/2015,141
672,03/05/2014,48
673,10/03/2017,183
674,12/05/2012,27
675,03/01/2021,3
676,01/07/2014,196
677,20/12/2015,117
678,07/02/2019,27
679,26/05/2001,34
680,01/09/2007,50
681,07/10/2007,12
682,23/06/2010,113
683,08/10/2013,88
684,17/02/2019,127
685,10/11/2005,100
686,12/09/2014,178
687,21/10/2009,101
688,27/10/2016,194
689,28/09/2004,58
690,05/03/2016,132
691,02/02/2013,149
692,09/12/2005,95
693,09/03/2009,4
694,13/10/2011,181
695,07/04/2001,151
696,05/11/2008,26
697,26/02/2004,100
698,25/01/2017,102
699,19/09/2006,142
700,09/05/2018,184
701,23/05/2011,31
702,25/09/2009,43
703,13/11/2019,160
704,06/02/2019,91
705,20/12/2018,14
706,10/05/2002,169
707,23/05/2011,101
708,17/09/2008,128
709,04/09/2016,162
710,24/07/2011,116
711,22/04/2013,64
712,08/07/2003,143
713,11/05/2014,99
714,14/01/2013,177
715,02/04/2003,73
716,14/12/2003,152
717,25/03/2011,17
718,26/08/2019,76
719,29/12/2017,67
720,12/01/2017,170
721,06/10/2013,84
722,18/12/2013,196
723,21/03/2001,40
724,10/02/2009,75
725,12/01/2017,46
726,24/09/2014,29
727,11/10/2001,155
728,08/11/2011,193
729,29/10/2022,9
730,23/10/2006,119
731,19/02/2010,78
732,01/09/2007,66
733,08/05/2009,172
734,12/09/2018,136
735,26/08/2015,126
736,01/01/2005,100
737,24/03/2010,48
738,07/12/2011,36
739,17/08/2017,197
740,16/05/2014,63
741,04/02/2021,121
742,07/10/2005,177
743,15/07/2012,198
744,28/01/2000,26
745,22/02/2021,134
746,27/09/2006,189
747,06/06/2018,126
748,24/03/2010,122
749,10/04/2014,109
750,03/07/2019,193
751,18/10/2003,36
752,21/10/2009,134
753,09/01/2001,120
754,25/12/2003,118
755,15/12/2009,101
756,12/03/2018,64
757,08/05/2006,121
758,31/07/2000,17
759,24/01/2005,73
760,28/06/2019,153
761,03/05/2005,0
762,01/02/2013,187
763,27/06/2011,125
764,17/01/2012,14
765,03/05/2014,182
766,29/10/2022,169
767,28/09/2013,42
768,31/03/2021,148
769,02/04/2005,183
770,20/04/2013,132
771,01/05/2018,106
772,22/02/2021,93
773,28/06/2019,65
774,07/12/2020,107
775,05/06/2006,166
776,21/01/2003,110
777,30/03/2002,126
778,16/07/2001,113
779,04/04/2010,9
780,06/06/2017,13
781,20/10/2022,157
782,05/05/2010,31
783,21/12/2021,44
784,22/08/2007,23
785,04/10/2021,71
786,05/08/2011,38
787,24/01/2005,163
788,24/10/2010,22
789,10/09/2011,112
790,07/09/2005,110
791,05/03/2016,94
792,22/09/2017,20
793,02/03/2002,16
794,09/06/2003,107
795,03/08/2018,105
796,12/07/2021,13
797,16/05/2014,144
798,26/01/2017,128
799,15/04/2017,195
800,18/08/2010,196
801,16/10/2002,167
802,12/03/2001,180
803,19/02/2021,6
804,07/02/2000,92
805,08/11/2016,174
806,30/06/2010,23
807,20/12/2015,154
808,04/10/2012,30
809,07/10/2005,185
810,04/08/2020,63
811,13/12/2016,53
812,17/01/2012,61
813,07/10/2007,130
814,04/10/2000,197
815,06/10/2013,78
816,30/09/2020,39
817,17/12/2022,3
818,04/06/2021,5
819,06/07/2000,144
820,29/08/2007,71
821,25/05/2019,139
822,25/06/2011,80
823,31/05/2016,93
824,25/07/2009,105
825,26/05/2001,173
826,18/12/2013,68
827,04/03/2002,12
828,09/01/2021,161
829,17/07/2007,12
830,22/12/2004,5
831,27/07/2019,164
832,19/08/2000,151
833,17/02/2019,67
834,28/04/2004,27
835,16/08/2002,183
836,26/08/2000,153
837,04/02/2021,141
838,07/12/2020,22
839,28/11/2018,51
840,23/12/2004,131
841,11/10/2001,128
842,01/03/2012,162
843,27/06/2011,79
844,12/09/2014,149
845,10/01/2009,81
846,06/06/2018,3
847,20/03/2022,38
848,21/09/2010,168
849,05/11/2018,81
850,22/10/2005,155
851,31/12/2011,147
852,05/12/2014,123
853,12/06/2007,109
854,21/01/2002,67
855,03/09/2007,40
856,14/12/2003,73
857,07/08/2018,169
858,06/06/2000,151
859,24/11/2015,82
860,04/01/2020,188
861,25/06/2011,112
862,25/05/2019,198
863,05/06/2001,62
864,02/04/2020,61
865,08/07/2011,100
866,01/01/2005,58
867,19/12/2022,72
868,16/10/2002,115
869,20/06/2001,77
870,27/12/2005,98
871,28/04/2004,18
872,30/12/2002,146
873,10/10/2003,122
874,06/10/2008,192
875,24/03/2011,185
876,04/05/2013,121
877,25/03/2011,86
878,12/01/2016,124
879,18/05/2005,145
880,09/10/2005,11
881,06/06/2017,33
882,06/03/2018,78
883,08/10/2007,30
884,25/07/2012,21
885,31/05/2016,62
886,29/03/2001,77
887,26/08/2000,109
888,15/01/2006,126
889,06/12/2014,146
890,24/03/2013,35
891,14/12/2016,62
892,11/10/2017,102
893,09/05/2018,92
894,18/11/2013,88
895,25/12/2014,124
896,19/12/2021,138
897,12/04/2017,153
898,08/10/2021,45
899,21/03/2001,35
900,25/06/2011,104
901,13/11/2019,117
902,05/11/2018,49
903,08/10/2007,156
904,19/12/2021,179
905,03/08/2018,191
906,17/02/2019,194
907,25/01/2017,129
908,09/12/2002,143
909,31/08/2015,130
910,08/07/2003,122
911,15/06/2010,119
912,28/08/2010,41
913,26/05/2019,179
914,15/04/2017,27
915,31/07/2000,93
916,29/09/2007,163
917,07/04/2001,167
918,27/03/2020,63
919,04/03/2006,25
920,22/02/2021,96
921,09/04/2007,56
922,07/04/2001,120
923,01/01/2005,77
924,10/02/2018,77
925,19/02/2013,26
926,14/03/2010,178
927,21/01/2003,118
928,08/11/2016,107
929,04/02/2013,171
930,29/10/2019,141
931,24/03/2013,150
932,16/10/2002,114
933,31/05/2017,105
934,14/04/2011,136
935,04/10/2013,142
936,27/08/2016,5
937,10/05/2002,114
938,13/07/2014,95
939,09/09/2015,28
940,17/09/2008,58
941,28/09/2013,135
942,26/11/2021,138
943,19/06/2004,89
944,02/04/2004,27
945,03/11/2008,142
946,16/07/2001,76
947,25/08/2020,83
948,21/09/2001,189
949,04/05/2016,62
950,25/02/2020,111
951,20/03/2022,181
952,18/09/2019,58
953,29/08/2007,3
954,24/02/2013,6
955,22/02/2005,195
956,28/01/2017,92
957,04/02/2021,12
958,04/03/2002,3
959,19/12/2002,51
960,25/06/2011,98
961,13/03/2000,181
962,09/09/2015,168
963,01/01/2005,139
964,03/06/2001,47
965,30/11/2015,101
966,11/10/2001,32
967,22/07/2001,104
968,10/10/2003,74
969,03/01/2015,160
970,11/10/2017,16
971,11/10/2017,154
972,29/08/2007,62
973,03/05/2020,156
974,08/11/2017,49
975,13/04/2012,80
976,12/05/2000,162
977,12/01/2006,148
978,17/05/2014,94
979,20/02/2012,166
980,06/05/2004,175
981,31/01/2015,161
982,03/06/2001,60
983,16/07/2001,155
984,22/08/2007,130
985,25/12/2003,118
986,08/04/2010,24
987,04/04/2010,21
988,03/11/2001,118
989,02/02/2015,85
990,09/05/2007,135
991,19/02/2013,148
992,01/04/2002,6
993,23/05/2011,153
994,10/03/2019,183
995,22/02/2021,84
996,24/07/2012,2
997,28/06/2019,94
998,04/10/2000,145
999,08/05/2006,180
1000,25/06/2019,100
1001,23/10/2006,135
1002,11/12/2002,117
1003,26/08/2015,84
1004,12/11/2019,13
1005,22/03/2012,31
1006,28/03/2012,7
1007,27/03/2020,172
1008,16/08/2003,58
1009,09/12/2019,110
1010,13/12/2002,94
1011,18/08/2010,55
1012,13/03/2018,8
1013,31/08/2015,79
1014,24/03/2010,177
1015,05/06/2001,79
1016,08/11/2011,156
1017,25/12/2012,102
1018,17/12/2017,11
1019,07/02/2005,38
1020,30/12/2014,80
1021,25/12/2012,52
1022,23/04/2022,47
1023,25/06/2018,17
1024,13/04/2012,192
1025,27/04/2011,41
1026,18/02/2001,2
1027,11/09/2019,108
1028,09/10/2020,36
1029,30/11/2015,94
1030,09/05/2007,37
1031,19/09/2022,49
1032,05/07/2018,80
1033,06/08/2008,146
1034,27/05/2020,154
1035,02/05/2017,139
1036,10/01/2009,27
1037,08/07/2003,34
1038,29/03/2001,99
1039,03/03/2006,60
1040,20/11/2003,44
1041,27/10/2009,123
1042,02/02/2018,184
1043,05/05/2010,125
1044,26/08/2015,21
1045,25/09/2001,59
1046,19/09/2006,84
1047,17/08/2017,110
1048,14/04/2011,70
1049,01/05/2020,172
1050,13/03/2000,118
1051,26/01/2018,4
1052,12/04/2017,182
1053,08/05/2009,96
1054,10/03/2019,79
1055,24/03/2011,188
1056,08/09/2010,22
1057,08/04/2021,11
1058,16/05/2019,9
1059,25/08/2021,118
1060,08/04/2010,130
1061,12/07/2019,6
1062,28/01/2017,138
1063,26/08/2001,11
1064,15/07/2012,107
1065,23/05/2011,117
1066,07/05/2015,165
1067,30/07/2007,148
1068,07/12/2020,39
1069,28/01/2015,54
1070,13/08/2009,185
1071,08/11/2017,175
1072,31/03/2022,93
1073,30/11/2015,171
1074,13/10/2011,12
1075,29/09/2007,195
1076,07/08/2005,23
1077,05/06/2001,146
1078,21/11/2002,115
1079,17/08/2012,114
1080,08/08/2002,4
1081,06/02/2019,184
1082,06/07/2000,46
1083,22/10/2005,118
1084,23/04/2000,88
1085,28/04/2009,20
1086,14/11/2019,170
1087,04/01/2020,1
1088,27/12/2002,94
1089,04/02/2021,88
1090,13/04/2007,109
1091,13/11/2016,162
1092,22/02/2005,11
1093,26/05/2019,99
1094,09/01/2002,56
1095,04/10/2013,135
1096,11/07/2007,148
1097,04/10/2021,127
1098,01/04/2002,179
1099,29/07/2022,32
1100,26/05/2019,64
1101,18/05/2007,7
1102,09/10/2020,8
1103,12/06/2007,71
1104,26/01/2017,41
1105,10/01/2009,162
1106,15/06/2010,114
1107,06/12/2014,146
1108,19/09/2006,9
1109,18/05/2005,64
1110,12/07/2019,38
1111,13/11/2019,25
1112,22/07/2009,183
1113,01/09/2007,47
1114,29/07/2010,139
1115,23/12/2020,165
1116,21/12/2004,163
1117,20/03/2022,70
1118,10/02/2009,89
1119,08/05/2006,36
1120,06/10/2013,47
1121,18/11/2013,117
1122,31/03/2021,188
1123,17/01/2002,78
1124,25/06/2019,30
1125,15/07/2012,15
1126,24/09/2014,59
1127,05/03/2001,175
1128,16/01/2017,154
1129,14/04/2020,32
1130,08/11/2016,109
1131,06/04/2022,52
1132,20/03/2011,10
1133,08/04/2010,1
1134,04/03/2002,100
1135,04/10/2017,53
1136,22/10/2005,122
1137,16/05/2014,2
1138,03/07/2019,122
1139,09/12/2019,188
1140,23/04/2000,91
1141,11/09/2019,30
1142,07/08/2018,127
1143,24/07/2011,79
1144,19/04/2021,47
1145,05/07/2018,160
1146,08/04/2021,105
1147,03/05/2012,153
1148,08/08/2002,169
1149,17/12/2022,143
1150,01/10/2015,197
1151,24/10/2010,30
1152,12/04/2017,107
1153,08/02/2002,8
1154,05/12/2014,72
1155,12/07/2019,172
1156,10/04/2014,56
1157,25/09/2001,189
1158,14/12/2016,76
1159,28/11/2003,71
1160,13/12/2002,6
1161,19/12/2013,178
1162,27/12/2002,92
1163,19/02/2021,26
1164,29/09/2007,85
1165,09/01/2001,66
1166,14/02/2013,127
1167,21/09/2001,175
1168,07/09/2005,149
1169,16/05/2014,28
1170,23/06/2010,135
1171,08/07/2003,87
1172,05/11/2018,196
1173,09/01/2021,76
1174,04/02/2021,86
1175,22/10/2005,90
1176,05/03/2013,164
1177,28/03/2012,72
1178,28/11/2018,192
1179,27/01/2012,7
1180,17/08/2012,37
1181,14/12/2003,4
1182,23/04/2022,189
1183,06/11/2016,57
1184,08/10/2021,161
1185,15/11/2005,134
1186,07/02/2005,108
1187,30/06/2010,126
1188,03/05/2014,167
1189,10/09/2011,38
1190,02/04/2005,127
1191,20/11/2021,97
1192,28/01/2017,147
1193,25/12/2014,162
1194,20/11/2003,14
1195,27/09/2006,161
1196,28/10/2013,162
1197,15/01/2006,75
1198,25/01/2020,85
1199,04/05/2016,120
1200,12/10/2005,91
1201,02/11/2002,137
1202,15/12/2020,124
1203,14/02/2013,31
1204,07/02/2005,100
1205,18/09/2000,186
1206,18/02/2001,138
1207,18/06/2012,6
1208,05/06/2001,192
1209,27/02/2005,105
1210,06/06/2017,65
1211,20/11/2003,37
1212,02/10/2008,171
1213,25/08/2021,1
1214,29/03/2021,82
1215,12/01/2022,6
1216,28/02/2007,110
1217,02/08/2013,198
1218,05/06/2001,167
1219,05/03/2013,184
1220,11/10/2001,174
1221,25/01/2017,141
1222,27/01/2012,37
1223,04/06/2021,100
1224,15/12/2020,85
1225,15/11/2013,176
1226,11/10/2017,91
1227,05/11/2008,87
1228,20/10/2007,78
1229,11/07/20202,104
1230,17/09/2005,151
1231,06/04/2022,144
1232,09/05/2016,16
1233,20/10/2010,60
1234,31/01/2015,190
1235,20/06/2010,44
1236,08/05/2006,56
1237,22/05/2016,15
1238,12/06/2007,179
1239,20/12/2018,95
1240,06/11/2016,112
1241,24/03/2013,122
1242,21/09/2001,188
1243,06/05/2004,50
1244,29/12/2017,162
1245,27/08/2016,171
1246,20/04/2013,128
1247,06/12/2014,86
1248,26/11/2021,115
1249,25/07/2009,49
1250,14/11/2019,158
1251,12/03/2001,140
1252,25/10/2018,104
1253,29/03/2021,2
1254,07/02/2019,37
1255,19/04/2010,160
1256,02/05/2017,38
1257,02/10/2009,7
1258,08/07/2011,101
1259,27/09/2006,67
1260,05/03/2013,12
1261,14/02/2021,39
1262,10/04/2014,64
1263,28/01/2000,63
1264,28/09/2000,128
1265,30/03/2019,80
1266,17/05/2014,132
1267,26/10/2002,113
1268,14/12/2016,3
1269,27/02/2005,181
1270,24/11/2015,26
1271,20/06/2001,185
1272,03/05/2012,125
1273,28/08/2010,92
1274,26/08/2015,119
1275,09/01/2001,54
1276,03/05/2012,56
1277,02/02/2013,93
1278,02/06/2016,165
1279,23/09/2015,152
1280,28/10/2013,17
1281,22/12/2004,77
1282,06/01/2013,170
1283,30/10/2021,27
1284,30/07/2007,105
1285,04/10/2000,30
1286,31/05/2017,195
1287,28/04/2004,32
1288,15/08/2004,19
1289,12/11/2019,152
1290,23/09/2015,31
1291,22/02/2021,66
1292,06/10/2017,41
1293,06/10/2008,168
1294,25/03/2004,177
1295,03/05/2020,197
1296,18/02/2014,104
1297,28/01/2000,153
1298,20/12/2018,169
1299,26/02/2017,15
1300,23/04/2022,17
1301,13/12/2002,3
1302,17/07/2019,38
1303,11/10/2017,151
1304,21/01/2002,70
1305,07/01/2012,23
1306,05/06/2006,35
1307,13/12/2016,6
1308,01/12/2001,38
1309,08/05/2009,21
1310,19/02/2016,122
1311,23/12/2020,18
1312,04/06/2021,131
1313,18/12/2013,69
1314,14/12/2006,125
1315,04/05/2013,161
1316,15/01/2006,102
1317,13/12/2016,131
1318,13/08/2009,198
1319,18/10/2003,79
1320,22/02/2005,14
1321,04/02/2021,150
1322,09/05/2016,163
1323,08/10/2021,167
1324,29/07/2022,22
1325,10/10/2003,164
1326,22/07/2009,37
1327,06/07/2000,184
1328,05/09/2013,98
1329,05/07/2018,179
1330,11/07/20202,185
1331,12/09/2018,124
1332,15/11/2013,0
1333,25/01/2020,148
1334,20/12/2015,163
1335,27/11/2021,1
1336,18/09/2019,93
1337,22/04/2001,81
1338,26/08/2000,48
1339,28/11/2004,1
1340,27/04/2009,77
1341,09/10/2004,85
1342,05/12/2007,56
1343,09/02/2013,155
1344,16/06/2000,26
1345,02/04/2020,27
1346,26/12/2017,183
1347,27/12/2005,26
1348,04/05/2013,130
1349,15/02/2019,93
1350,26/05/2019,45
1351,09/05/2016,163
1352,19/02/2010,72
1353,09/05/2018,65
1354,04/11/2019,75
1355,16/11/2000,104
1356,04/10/2017,12
1357,12/03/2021,184
1358,12/03/2001,111
1359,28/03/2012,181
1360,06/06/2018,125
1361,22/04/2007,136
1362,19/12/2022,170
1363,28/01/2015,71
1364,24/03/2013,54
1365,03/04/2018,181
1366,24/02/2013,37
1367,25/05/2019,149
1368,29/03/2021,48
1369,25/08/2020,86
1370,18/10/2003,143
1371,27/01/2021,177
1372,26/08/2014,51
1373,14/12/2003,99
1374,28/11/2003,128
1375,27/04/2009,194
1376,01/11/2000,91
1377,08/09/2016,47
1378,17/12/2017,183
1379,15/07/2001,187
1380,19/04/2010,152
1381,24/08/2013,175
1382,11/01/2016,77
1383,19/04/2010,176
1384,09/02/2013,128
1385,11/10/2017,186
1386,21/12/2004,6
1387,05/12/2006,62
1388,28/04/2009,175
1389,01/11/2000,42
1390,16/01/2002,109
1391,22/04/2010,182
1392,23/12/2004,199
1393,06/10/2017,129
1394,19/02/2016,83
1395,05/07/2010,10
1396,10/03/2001,20
1397,18/11/2013,118
1398,04/10/2012,181
1399,31/08/2015,161
1400,02/08/2013,129
1401,19/02/2013,191
1402,30/12/2014,104
1403,07/09/2020,6
1404,29/01/2016,61
1405,22/06/2021,83
1406,06/06/2018,91
1407,05/05/2010,64
1408,06/10/2013,63
1409,12/05/2004,189
1410,13/09/2015,143
1411,31/03/2022,20
1412,25/07/2012,176
1413,18/09/2000,85
1414,14/01/2013,58
1415,19/08/2000,166
1416,30/03/2019,152
1417,21/12/2021,163
1418,04/09/2016,99
1419,13/08/2009,195
1420,17/08/2012,76
1421,16/06/2000,7
1422,07/10/2005,46
1423,01/03/2012,102
1424,28/11/2018,147
1425,11/01/2016,152
1426,17/09/2008,170
1427,09/12/2005,40
1428,04/06/2021,142
1429,08/12/2012,41
1430,22/04/2001,19
1431,13/11/2016,96
1432,27/06/2011,43
1433,10/06/2002,151
1434,08/09/2016,134
1435,04/11/2019,15
1436,20/03/2011,139
1437,16/02/2016,55
1438,12/01/2006,177
1439,13/07/2014,199
1440,05/01/2019,42
1441,28/11/2018,118
1442,05/12/2007,185
1443,10/11/2005,193
1444,26/05/2003,166
1445,29/10/2019,197
1446,28/11/2004,32
1447,07/05/2015,149
1448,22/07/2009,124
1449,25/01/2020,166
1450,17/07/2019,101
1451,17/10/2013,123
1452,08/04/2021,105
1453,04/10/2013,49
1454,22/08/2007,53
1455,02/12/2014,169
1456,12/05/2004,132
1457,26/07/2018,169
1458,25/12/2012,142
1459,09/12/2002,88
1460,02/02/2013,194
1461,29/07/2022,145
1462,30/10/2021,149
1463,19/02/2021,66
1464,01/05/2020,146
1465,24/03/2010,162
1466,04/06/2007,10
1467,25/08/2020,34
1468,18/05/2007,167
1469,07/05/2015,168
1470,07/08/2005,148
1471,04/01/2020,13
1472,26/06/2008,118
1473,22/08/2007,64
1474,08/11/2016,197
1475,03/01/2021,102
1476,04/09/2016,3
1477,27/12/2002,162
1478,17/07/2019,122
1479,19/06/2004,61
1480,04/09/2016,8
1481,23/01/2020,24
1482,17/12/2022,179
1483,22/07/2001,187
1484,04/10/2012,104
1485,02/02/2015,54
1486,14/02/2020,83
1487,15/12/2009,36
1488,23/06/2014,168
1489,20/11/2003,164
1490,04/06/2007,39
1491,19/02/2013,43
1492,06/01/2013,91
1493,13/03/2018,143
1494,02/03/2002,135
1495,01/02/2013,142
1496,01/05/2018,64
1497,03/01/2015,116
1498,28/02/2007,156
1499,20/11/2021,170
1500,26/02/2004,48
1501,20/06/2010,177
1502,15/07/2012,34
1503,15/02/2019,199
1504,04/03/2006,146
1505,28/10/2013,103
1506,24/01/2005,166
1507,24/08/2022,121
1508,07/12/2011,72
1509,03/06/2001,13
1510,08/12/2012,138
1511,08/05/2009,85
1512,12/05/2000,95
1513,17/05/2003,16
1514,03/04/2018,84
1515,26/12/2017,49
1516,05/08/2011,147
1517,23/12/2004,10
1518,29/03/2021,21
1519,07/02/2012,5
1520,20/10/2010,53
1521,25/06/2019,108
1522,31/05/2016,20
1523,13/10/2014,78
1524,01/08/2004,5
1525,16/10/2005,74
1526,12/09/2018,193
1527,13/03/2000,160
1528,23/04/2012,10
1529,12/01/2016,30
1530,11/09/2019,91
1531,02/03/2002,178
1532,17/05/2000,81
1533,27/10/2016,41
1534,03/03/2006,68
1535,10/06/2002,26
1536,05/09/2013,15
1537,28/01/2015,126
1538,25/07/2009,17
1539,09/10/2005,111
1540,04/05/2013,100
1541,19/10/2022,96
1542,19/12/2022,108
1543,03/03/2006,169
1544,26/11/2021,131
1545,26/07/2018,92
1546,06/03/2018,183
1547,22/04/2010,122
1548,26/09/2022,15
1549,12/09/2014,25
1550,05/05/2010,131
1551,26/08/2019,142
1552,04/10/2021,179
1553,22/02/2005,156
1554,16/08/2003,174
1555,05/03/2001,92
1556,13/09/2015,6
1557,13/01/2020,123
1558,17/08/2017,160
1559,23/05/2011,46
1560,29/01/2016,74
1561,04/02/2013,60
1562,16/05/2019,49
1563,09/01/2002,108
1564,17/12/2017,104
1565,31/07/2000,147
1566,31/01/2015,156
1567,13/09/2015,159
1568,06/10/2017,42
1569,27/07/2019,111
1570,25/07/2009,141
1571,20/04/2013,42
1572,09/04/2007,79
1573,18/02/2014,198
1574,16/02/2016,59
1575,23/11/2016,155
1576,26/08/2019,85
1577,08/11/2016,15
1578,06/05/2004,95
1579,24/04/2016,139
1580,21/12/2004,1
1581,10/03/2001,102
1582,12/02/2006,66
1583,06/08/2008,76
1584,05/11/2008,164
1585,25/06/2018,180
1586,11/07/20202,77
1587,09/06/2003,199
1588,08/02/2002,104
1589,27/01/2021,90
1590,05/03/2016,117
1591,09/12/2009,130
1592,01/01/2005,21
1593,14/03/2010,170
1594,02/11/2002,180
1595,19/09/2022,172
1596,04/08/2020,101
1597,19/12/2002,47
1598,03/04/2018,16
1599,24/08/2022,151
1600,28/06/2019,168
1601,12/05/2001,83
1602,04/06/2007,33
1603,18/05/2005,94
1604,26/02/2017,63
1605,30/12/2014,77
1606,31/05/2017,23
1607,08/12/2012,122
1608,25/08/2017,12
1609,19/12/2002,194
1610,23/05/2011,169
1611,20/03/2022,88
1612,22/07/2001,86
1613,30/08/2013,179
1614,17/01/2012,70
1615,12/01/2016,123
1616,29/07/2010,42
1617,06/08/2008,79
1618,10/05/2002,126
1619,16/11/2000,22
1620,23/10/2006,91
1621,09/05/2016,19
1622,30/07/2007,180
1623,17/05/2003,73
1624,09/12/2009,129
1625,17/05/2014,81
1626,07/01/2012,10
1627,05/08/2011,111
1628,14/02/2020,173
1629,22/02/2021,46
1630,05/03/2001,135
1631,21/09/2010,189
1632,26/08/2019,118
1633,28/04/2004,24
1634,27/01/2021,3
1635,20/02/2012,56
1636,19/04/2010,105
1637,27/10/2009,99
1638,30/10/2022,1
1639,08/10/2007,147
1640,23/09/2015,110
1641,09/04/2007,144
1642,12/05/2000,62
1643,12/03/2021,76
1644,03/05/2014,20
1645,01/11/2000,125
1646,12/05/2001,124
1647,10/02/2018,169
1648,02/10/2008,134
1649,06/07/2000,88
1650,25/06/2018,113
1651,05/03/2013,145
1652,26/05/2001,182
1653,11/09/2022,48
1654,31/03/2022,67
1655,23/10/2000,96
1656,27/05/2020,109
1657,11/09/2019,191
1658,11/01/2016,173
1659,07/12/2020,114
1660,05/07/2010,127
1661,27/02/2005,12
1662,30/03/2002,71
1663,07/02/2005,67
1664,30/08/2013,76
1665,24/03/2011,145
1666,09/06/2003,94
1667,13/03/2018,9
1668,20/11/2021,171
1669,27/04/2011,160
1670,27/01/2021,88
1671,30/09/2020,147
1672,16/01/2017,104
1673,05/06/2001,75
1674,01/05/2018,55
1675,07/02/2000,90
1676,13/03/2015,105
1677,19/05/2022,115
1678,08/03/2012,123
1679,10/11/2005,109
1680,14/04/2011,84
1681,03/05/2014,144
1682,18/09/2000,121
1683,23/10/2000,91
1684,21/11/2002,143
1685,21/03/2001,131
1686,25/08/2017,5
1687,12/01/2022,1
1688,02/12/2014,38
1689,15/08/2004,16
1690,03/09/2007,97
1691,02/12/2014,0
1692,27/05/2020,110
1693,09/12/2009,7
1694,06/06/2000,137
1695,31/12/2011,195
1696,15/11/2013,7
1697,08/10/2013,172
1698,25/06/2018,175
1699,25/05/2019,127
1700,13/10/2011,58
1701,03/07/2019,146
1702,26/08/2001,77
1703,09/10/2005,63
1704,09/01/2021,93
1705,09/02/2013,182
1706,14/12/2006,57
1707,15/01/2019,165
1708,15/06/2008,6
1709,31/03/2021,145
1710,31/05/2016,18
1711,17/10/2013,142
1712,13/04/2007,0
1713,17/05/2003,16
1714,12/01/2017,77
1715,27/10/2016,39
1716,12/01/2022,17
1717,22/06/2021,163
1718,03/08/2018,142
1719,28/05/2014,64
1720,13/10/2014,188
1721,04/02/2013,110
1722,03/09/2007,55
1723,16/08/2002,88
1724,19/08/2000,11
1725,22/04/2013,16
1726,06/06/2000,1
1727,30/07/2017,169
1728,24/08/2013,159
1729,15/07/2001,130
1730,09/03/2009,17
1731,29/12/2017,34
1732,25/08/2020,60
1733,10/04/2014,72
1734,27/10/2013,181
1735,11/07/2007,199
1736,17/10/2013,55
1737,18/02/2017,145
1738,05/06/2006,143
1739,28/01/2017,149
1740,30/07/2017,24
1741,22/04/2001,25
1742,14/01/2013,42
1743,01/05/2020,166
1744,12/03/2021,19
1745,12/05/2001,136
1746,07/08/2005,143
1747,16/06/2000,17
1748,13/11/2019,55
1749,17/01/2012,124
1750,02/04/2020,191
1751,04/03/2006,123
1752,19/02/2021,162
1753,03/05/2005,135
1754,26/08/2001,172
1755,17/02/2019,63
1756,15/07/2012,25
1757,13/04/2007,85
1758,24/11/2015,195
1759,07/09/2005,176
1760,05/12/2014,5
1761,26/01/2017,45
1762,09/12/2005,48
1763,02/04/2020,118
1764,01/12/2001,193
1765,17/07/2007,119
1766,06/11/2016,40
1767,25/03/2004,108
1768,18/01/2010,169
1769,23/11/2016,30
1770,25/10/2018,38
1771,16/07/2001,160
1772,26/05/2019,180
1773,10/10/2003,65
1774,25/12/2003,71
1775,21/09/2001,70
1776,18/12/2013,53
1777,06/02/2019,14
1778,02/04/2014,155
1779,07/09/2020,75
1780,31/07/2000,62
1781,10/05/2002,165
1782,14/02/2021,16
1783,10/05/2002,138
1784,29/01/2016,11
1785,01/11/2000,43
1786,03/06/2016,27
1787,07/02/2012,26
1788,12/05/2004,182
1789,21/01/2002,126
1790,30/04/2003,187
1791,05/07/2018,189
1792,21/09/2010,115
1793,03/02/2016,130
1794,03/04/2018,140
1795,13/07/2014,66
1796,11/09/2022,142
1797,07/09/2020,147
1798,12/03/2018,126
1799,19/10/2022,82
1800,16/01/2017,98
1801,12/03/2021,183
1802,20/10/2010,174
1803,12/01/2016,74
1804,19/02/2010,55
1805,05/07/2010,11
1806,02/10/2009,48
1807,01/07/2014,177
1808,25/08/2021,99
1809,12/10/2005,183
1810,01/04/2002,137
1811,09/02/2013,95
1812,05/06/2006,61
1813,06/06/2017,76
1814,02/12/2014,63
1815,05/01/2019,13
1816,13/10/2014,102
1817,25/01/2020,136
1818,31/03/2021,165
1819,09/01/2001,26
1820,14/02/2020,57
1821,04/10/2017,155
1822,18/06/2012,184
1823,01/04/2002,108
1824,22/02/2021,48
1825,03/01/2021,184
1826,13/03/2000,102
1827,02/02/2000,193
1828,16/01/2014,184
1829,02/04/2003,113
1830,15/07/2001,119
1831,02/06/2016,194
1832,12/05/2012,57
1833,12/06/2007,64
1834,12/06/2007,3
1835,08/11/2016,125
1836,06/11/2016,48
1837,05/11/2008,115
1838,18/02/2017,80
1839,16/11/2000,111
1840,25/12/2001,158
1841,25/09/2001,60
1842,20/10/2022,32
1843,25/08/2021,143
1844,06/08/2008,92
1845,06/12/2014,62
1846,24/08/2022,77
1847,17/05/2000,22
1848,25/10/2018,100
1849,18/01/2010,76
1850,07/02/2000,71
1851,13/11/2000,61
1852,29/07/2010,162
1853,03/08/2018,86
1854,25/09/2009,169
1855,27/12/2005,138
1856,16/01/2014,125
1857,25/02/2020,9
1858,25/03/2011,96
1859,11/01/2016,107
1860,20/10/2007,106
1861,10/03/2019,27
1862,25/12/2014,196
1863,12/03/2018,113
1864,09/05/2018,4
1865,14/11/2019,13
1866,21/12/2004,94
1867,16/08/2003,183
1868,25/12/2012,162
1869,08/09/2016,89
1870,02/11/2002,157
1871,02/04/2014,122
1872,04/06/2007,57
1873,16/01/2017,35
1874,12/07/2021,68
1875,15/07/2001,132
1876,23/06/2014,129
1877,08/10/2021,64
1878,02/02/2018,193
1879,14/12/2006,113
1880,15/02/2019,88
1881,26/02/2004,56
1882,02/04/2003,9
1883,10/05/2002,131
1884,13/01/2020,31
1885,13/10/2011,119
1886,07/12/2011,186
1887,02/03/2002,72
1888,17/10/2013,8
1889,15/12/2020,52
1890,09/06/2003,144
1891,08/03/2012,93
1892,02/08/2013,167
1893,05/03/2016,65
1894,01/03/2012,167
1895,28/09/2013,129
