id_tienda,id_producto,cantidad_unidades,descuento
35,476,79,44
55,98,65,90
100,1856,52,90
99,813,93,90
42,3137,59,99
10,1960,64,44
21,400,85,44
77,2938,60,0
56,3169,97,99
1,2224,96,99
96,796,56,90
34,3321,91,80
42,394,61,25
6,2953,51,25
44,2752,76,99
49,1447,55,0
69,3705,123,80
36,3032,54,44
8,1667,64,0
97,2568,97,90
102,619,80,44
34,3243,51,50
81,2905,84,50
4,1124,79,0
80,650,62,90
71,3263,88,50
6,1640,90,80
27,2531,83,75
70,1891,90,90
90,3272,93,75
67,3136,96,0
23,103,91,25
102,3567,88,50
59,1817,79,80
0,2338,68,99
94,3187,62,75
29,2224,95,75
24,1836,86,50
52,782,97,99
96,3046,88,90
24,2350,77,90
84,3517,70,44
25,1526,57,90
73,2989,77,44
71,412,66,80
63,3563,66,0
7,841,90,50
23,1130,75,25
65,3702,137,68
92,1899,70,0
7,3676,94,80
48,1670,54,50
51,2225,91,99
53,2810,66,50
66,1417,62,44
22,3414,86,25
102,962,66,0
36,306,52,99
81,1267,93,90
27,2655,67,50
80,2828,72,99
40,764,90,80
73,1419,78,90
18,2501,67,0
89,1578,54,25
10,3660,53,25
88,516,61,90
22,804,74,44
39,679,66,75
92,2971,88,50
76,2051,62,99
14,3057,84,0
3,2118,99,75
101,180,90,80
25,320,71,99
37,1020,67,99
57,322,93,0
24,2851,90,44
59,3570,81,25
42,800,55,50
72,2128,87,0
16,563,66,44
66,1680,85,75
66,1064,62,50
35,3699,86,25
20,948,57,25
68,235,63,75
38,1214,86,90
25,223,73,80
26,810,62,90
56,1399,70,50
45,3141,79,25
30,1079,54,0
56,254,60,75
12,581,98,75
0,751,86,0
55,650,99,99
49,3687,88,25
44,1355,89,44
88,3641,54,90
76,1966,58,50
8,3517,75,99
86,3693,95,50
34,1328,90,0
75,3041,82,25
72,324,62,44
101,2072,65,25
84,3618,64,75
14,1508,57,0
7,1364,76,25
11,1371,100,50
100,2407,51,80
24,3566,93,80
77,2839,80,0
99,1550,87,25
30,1144,60,80
67,387,100,80
59,1686,80,0
30,1654,60,25
100,388,87,44
78,1503,72,50
50,1909,91,90
22,939,94,90
77,2277,90,99
81,2645,60,25
7,2244,83,90
98,3483,51,50
15,694,71,90
44,3164,89,75
47,3199,80,25
61,522,89,50
56,2493,62,44
56,3468,97,0
41,1171,61,75
93,2036,97,44
65,3703,127,80
91,2389,87,80
25,361,99,25
68,1402,60,0
101,569,96,90
47,1084,96,0
34,972,50,75
9,2030,99,25
79,1271,78,75
75,1122,85,50
22,136,98,80
101,2343,80,75
18,266,64,75
86,2039,80,25
23,2336,86,99
29,252,72,44
100,1497,82,75
42,3106,80,50
7,3243,75,44
10,2478,51,80
70,1106,75,90
56,623,97,25
22,2539,97,75
23,456,52,50
15,2708,50,75
58,2117,64,80
10,1204,78,25
32,2053,86,75
7,3421,64,90
79,3015,96,50
17,641,66,99
17,1178,62,25
75,1908,81,44
25,2961,81,0
75,1863,55,50
75,2635,89,90
93,1136,82,99
101,3680,55,75
46,1809,50,99
64,1659,65,99
73,699,99,25
90,3311,53,0
8,243,56,90
19,2712,92,80
41,3719,87,99
56,2482,77,25
28,834,59,90
97,3405,98,90
95,3530,91,75
88,846,73,80
40,377,59,44
83,2529,96,25
22,3510,64,75
45,1149,98,44
87,752,98,50
60,3587,60,0
80,3677,81,80
13,1445,96,0
48,2891,72,50
0,208,94,90
48,573,50,99
20,955,56,75
61,415,68,25
45,1356,62,80
18,2386,100,75
55,1728,64,80
77,3475,78,75
42,808,59,80
33,809,65,80
91,1357,71,25
22,2475,68,50
81,716,64,90
7,3564,95,75
16,1546,62,75
62,1560,62,50
14,947,61,44
66,1659,64,99
15,1245,52,44
78,2139,96,90
29,1091,58,90
97,3285,65,90
47,143,71,80
14,1544,56,25
60,1606,96,99
71,3335,75,50
89,1449,60,90
81,2545,54,99
2,915,56,80
99,2429,61,75
17,3366,79,50
12,3668,75,80
40,2373,92,25
90,97,51,25
79,646,75,90
91,2985,57,44
96,452,79,0
32,620,63,0
38,478,88,75
83,535,71,50
49,3656,77,75
59,2310,79,25
56,382,92,99
23,3488,80,44
94,3507,99,90
41,2066,80,90
27,1534,91,50
102,1528,83,99
82,2835,53,75
26,1416,94,75
101,612,63,25
2,992,64,90
13,201,55,50
50,2997,79,44
94,2982,80,75
87,826,54,50
37,2152,94,90
12,2713,91,25
14,1182,70,90
2,2727,93,0
63,1813,90,44
58,1043,89,50
83,3647,92,80
66,1111,94,44
27,387,58,50
81,1465,96,80
52,1406,78,50
75,3112,97,80
79,29,93,80
10,2657,85,0
93,2415,56,80
96,2014,98,80
53,3417,100,44
97,1435,62,75
58,1115,78,50
41,3106,51,90
34,178,84,80
46,264,54,75
42,56,70,90
21,948,92,75
92,3352,87,99
9,3710,99,25
64,3594,58,0
12,648,91,99
89,2445,86,75
98,742,98,25
90,97,51,25
73,329,64,50
6,490,92,44
10,289,79,50
68,3673,81,90
17,3065,82,99
17,2103,98,44
93,1805,73,0
47,1868,53,44
4,1829,71,44
64,3178,76,44
24,2106,61,44
67,3566,99,75
90,1239,99,75
49,1684,84,99
34,3163,71,50
39,271,70,80
71,109,58,0
57,1155,66,90
48,3405,94,0
68,2819,57,99
71,2118,99,0
69,570,64,50
97,2506,65,80
90,2193,93,44
58,2066,71,99
84,807,78,75
40,2118,99,50
89,2580,60,75
52,2741,65,0
94,1326,62,44
41,2885,71,90
33,2789,74,80
54,2173,98,0
52,3099,73,44
65,344,75,90
83,3621,66,75
8,1575,88,80
66,1064,62,50
24,2106,61,44
58,3544,95,44
36,3032,54,44
70,2522,64,99
6,488,51,50
52,2673,67,80
39,3673,67,99
51,218,57,80
102,3567,88,50
67,2694,70,25
82,260,76,80
6,3715,68,80
34,3127,66,99
4,1842,78,25
4,648,62,75
99,2217,81,44
23,1224,82,80
49,22,53,0
42,458,72,75
61,2033,55,90
78,303,96,50
13,2388,87,90
80,1526,52,80
7,947,80,0
7,1413,51,75
77,1402,70,99
56,2323,50,99
14,622,77,99
78,635,98,75
0,3183,99,50
67,2931,66,80
101,933,52,75
67,1029,58,75
62,345,64,0
102,2368,80,99
94,3102,71,0
59,1587,75,75
88,2717,56,99
82,3507,75,80
33,1919,99,25
12,2249,63,25
19,2041,92,75
5,3560,92,25
101,1264,74,75
94,984,93,50
69,1107,54,80
14,3648,58,0
12,3659,97,44
102,1781,80,25
12,2323,92,99
84,3051,68,25
58,2712,54,75
76,1202,98,0
34,320,61,80
47,2279,66,99
69,2168,85,80
44,3109,89,0
77,1494,97,50
86,1248,69,25
43,796,78,80
93,2415,56,80
6,2885,68,90
50,1719,54,44
31,1018,98,80
97,1198,83,25
34,3035,82,0
50,3062,74,25
95,2059,73,90
84,55,82,80
96,3671,61,75
45,2826,67,50
97,2743,72,75
23,3714,135,68
36,2463,61,99
28,2103,85,50
18,748,75,75
71,2080,77,0
97,1193,96,99
69,2731,58,99
9,3051,96,80
100,1603,89,99
59,2182,56,44
13,335,96,44
46,730,61,80
94,2362,57,50
56,3169,97,99
23,2276,61,50
99,3718,120,0
102,3392,54,50
88,1057,60,75
63,3009,61,0
56,3468,97,0
49,3000,84,90
47,2500,65,99
64,2403,64,90
98,343,68,90
68,242,88,44
67,1325,78,44
39,402,81,80
76,1810,78,44
4,2355,62,80
57,150,99,44
99,2391,77,80
64,2254,78,90
59,3673,78,0
36,2707,50,50
92,2170,77,0
43,1802,54,80
3,3286,59,90
95,1479,58,50
22,1582,60,50
71,1382,80,80
17,891,89,99
13,178,77,75
42,711,78,0
49,794,55,90
46,799,76,80
81,3712,144,80
71,1413,84,99
30,1232,84,75
14,419,66,0
67,2849,85,80
87,2662,94,0
81,2560,57,75
34,3243,51,50
57,2081,69,80
31,3074,97,90
41,985,50,50
16,647,73,99
95,2668,96,44
61,1601,86,0
74,2479,68,44
88,2115,75,25
80,3570,90,0
35,2855,87,0
76,1963,97,99
54,136,50,90
39,567,50,0
12,949,61,25
61,3137,89,80
7,239,76,0
79,1598,58,80
80,1486,71,99
35,1897,100,75
46,194,71,0
101,2008,57,99
27,1415,89,99
95,2506,97,44
101,2589,71,25
60,3264,58,25
11,2600,63,80
61,70,68,50
34,3397,71,50
78,1698,59,50
100,1517,59,90
8,1681,80,80
85,2155,68,50
95,3664,59,25
55,1152,71,99
12,3659,97,44
42,1905,94,90
71,438,81,75
74,554,50,90
85,2569,95,99
47,2330,81,75
48,3542,55,44
64,2571,51,0
20,3504,94,44
42,1386,78,80
93,3267,67,99
48,2282,66,80
66,551,78,99
75,1527,83,75
39,1673,52,44
7,3116,77,44
31,3410,88,50
58,1904,89,99
49,2915,78,25
5,353,61,80
4,3164,68,90
63,2058,60,90
34,2749,63,50
41,1462,51,99
80,2985,51,0
57,775,62,0
11,3411,88,90
78,2166,96,90
63,499,79,90
45,1143,93,50
35,2507,74,0
81,3590,66,99
77,1545,93,25
50,3405,90,0
41,1642,50,75
33,1841,65,80
13,1301,70,25
60,1286,66,90
89,3373,69,0
30,1165,52,75
40,378,79,25
76,3628,87,80
96,3671,61,75
77,2957,57,0
88,3544,77,44
1,2187,53,90
48,1660,83,50
43,1025,53,80
8,780,91,44
66,3329,91,80
46,3196,55,50
97,402,53,90
39,3668,95,99
39,1220,64,75
66,1311,62,99
10,2971,57,75
75,980,98,80
62,2149,65,75
58,3132,91,0
11,3059,61,50
33,3605,71,25
77,2957,57,0
69,2478,67,90
72,2984,66,90
9,3587,71,50
30,2560,77,0
35,2766,98,80
4,1990,70,99
12,2108,85,75
83,2690,96,75
11,2144,71,0
51,1972,68,50
48,1771,67,50
83,1199,54,44
67,3456,77,75
65,3315,81,80
55,2953,53,90
99,3440,99,75
74,3526,51,0
27,1069,97,99
10,359,72,90
34,2265,73,44
79,3015,96,50
83,867,74,0
4,395,53,50
27,1222,72,44
31,2124,52,44
51,3459,84,44
21,2197,54,44
28,815,51,80
59,813,96,50
63,1299,81,90
4,1163,59,80
43,1649,70,25
47,2786,73,80
85,3225,98,80
57,775,62,0
100,202,73,90
29,3317,74,80
86,617,56,90
54,3335,55,90
75,2552,54,90
21,2750,94,99
22,261,86,25
47,1938,53,90
13,2760,82,99
86,2629,73,80
87,1785,80,90
14,667,80,25
102,3373,92,75
66,334,95,90
19,3584,71,90
2,446,96,0
87,1509,66,90
16,1169,72,75
17,2829,74,25
94,562,62,99
56,1529,64,25
52,3710,114,75
83,2479,66,44
89,3101,90,99
40,1403,70,99
96,2385,80,44
64,2287,82,25
98,508,80,44
77,1952,97,25
31,2405,99,44
10,3038,79,44
42,959,59,99
29,3460,79,90
17,1622,67,44
49,2372,97,0
41,1997,83,44
97,1886,58,75
5,728,76,75
10,2694,98,99
66,2496,67,90
98,229,90,99
43,2866,62,25
0,99,54,99
73,2777,59,75
37,3081,61,25
39,2531,83,80
52,875,71,44
42,1386,78,80
83,1747,50,80
64,2079,91,44
57,182,88,0
59,2643,58,99
82,2954,96,75
87,3353,84,75
72,352,69,0
7,326,59,80
53,2332,60,44
81,66,74,0
58,1341,63,99
36,3720,84,0
95,3573,93,25
74,2803,95,44
14,1508,57,0
77,1968,71,90
59,333,67,50
29,725,54,99
77,2790,100,0
77,1271,53,50
24,1927,89,90
11,2993,88,44
15,3618,96,90
91,407,59,25
2,2869,77,80
10,194,65,0
21,2924,83,0
84,3186,97,44
42,1905,94,90
40,3137,99,44
43,1576,97,50
92,1339,89,80
62,3079,74,80
87,3651,95,75
63,126,54,90
89,1146,63,80
73,142,76,44
37,3063,76,80
53,2903,70,80
94,3674,68,25
9,2673,63,0
5,99,61,50
73,699,99,25
82,2898,99,44
53,329,59,50
54,1004,53,90
37,1697,69,0
53,1566,71,90
74,1386,74,50
85,1179,91,75
42,1401,89,50
23,3308,96,44
68,3673,81,90
7,1561,88,75
20,1028,53,44
38,1908,61,90
42,2701,79,50
5,544,77,90
23,2415,77,0
80,970,66,99
6,3586,69,80
83,2804,69,44
79,2713,73,44
81,997,89,50
77,3475,78,75
94,2129,72,44
12,325,50,50
46,2367,69,25
29,3717,63,50
34,2755,100,50
69,1856,67,99
7,1451,53,75
2,3661,83,50
12,1056,57,80
92,3352,87,99
71,1308,91,75
87,827,83,25
14,2926,79,75
96,767,89,75
0,403,88,80
58,1797,88,99
34,1469,74,0
38,1106,66,80
100,1603,89,99
42,2250,65,44
69,1288,81,99
42,2680,72,25
93,435,63,25
22,1339,59,50
89,584,58,50
85,3199,73,44
15,1482,99,0
43,2106,92,80
61,1736,63,99
77,3338,75,44
96,2459,92,99
60,1084,65,44
84,3618,64,75
64,2147,51,50
47,402,99,90
77,43,90,75
57,429,52,25
77,2455,98,50
37,966,83,80
81,2416,53,0
54,3470,56,0
29,783,51,75
63,1057,77,0
76,1301,55,25
17,822,62,90
61,3295,84,25
88,21,77,44
90,1610,79,80
71,2355,97,90
28,3712,84,99
78,450,55,0
19,1484,95,50
68,2440,82,44
60,1964,71,0
0,493,69,90
18,1476,52,50
21,1198,88,0
57,1103,59,44
27,712,59,75
82,561,66,99
75,3060,90,25
80,1333,53,80
1,2779,66,99
34,1134,91,90
17,3559,78,75
17,2929,87,50
85,3428,94,0
86,3107,80,90
82,1255,80,50
27,2866,88,50
7,1793,80,44
34,422,55,0
59,1421,52,99
79,3485,78,75
64,587,88,90
63,837,88,25
8,3162,83,90
41,1511,53,44
1,2001,78,75
95,413,61,44
23,2915,51,90
82,3561,80,75
77,3144,62,75
92,2105,82,44
63,250,77,99
30,2017,62,90
86,2074,96,90
52,3306,85,0
45,3443,72,75
24,243,99,50
22,3510,64,75
66,3015,83,44
13,2407,63,44
45,175,92,0
61,417,66,0
100,2207,55,44
38,2692,60,90
47,1084,96,0
47,2344,92,25
45,337,78,99
101,1917,87,25
53,6,72,25
31,579,74,80
96,1859,51,90
60,3391,61,50
62,3532,74,90
58,171,51,25
64,2990,57,75
59,3321,52,99
73,3565,94,25
20,1043,91,50
79,378,100,25
96,796,56,90
15,614,75,0
67,3234,73,90
3,176,55,90
82,1912,72,80
46,1809,50,99
3,1952,92,50
62,345,64,0
84,545,67,50
4,2556,86,75
28,1989,77,80
71,3229,52,75
11,683,53,50
1,33,77,25
3,2663,74,99
27,3045,55,80
41,309,98,99
41,3441,81,75
72,1956,54,25
74,97,92,90
10,680,85,25
57,1482,86,99
82,363,95,25
61,896,77,75
13,1530,80,0
80,3548,62,75
21,2614,82,75
90,3043,52,80
86,2751,89,75
41,2655,85,90
97,3017,78,50
94,576,57,99
7,3187,63,25
52,227,61,44
12,1433,67,0
57,1717,73,44
57,2811,85,25
86,617,56,90
60,1649,71,0
53,2803,50,99
97,1438,98,44
32,3344,100,25
27,39,74,75
80,3431,54,44
101,2824,73,50
68,511,86,50
52,937,52,25
75,1589,67,0
44,1817,99,75
71,448,75,99
10,3580,99,80
95,259,98,80
52,2957,51,99
83,2671,94,50
102,3707,86,25
23,2080,70,99
63,3594,66,0
74,3696,114,68
65,1240,77,0
15,585,57,99
12,1073,83,75
24,790,100,99
78,3340,79,90
58,3727,149,44
28,1974,71,44
80,3386,86,25
92,3330,77,0
67,1615,75,90
63,2452,76,44
70,1690,98,80
0,1838,92,99
32,2976,71,75
102,3597,57,0
32,966,75,80
90,303,63,99
74,97,92,90
57,2833,74,0
92,1532,80,99
1,1638,57,50
10,1471,78,80
34,2807,80,0
80,1589,91,0
50,1007,89,44
13,3028,87,50
88,1109,75,25
20,2839,53,50
28,990,100,50
81,503,76,0
72,881,62,50
13,1132,79,80
81,503,76,0
16,3635,57,44
59,1213,92,75
18,1009,72,75
101,1555,75,0
60,316,84,25
101,2952,97,25
3,1196,75,90
65,2462,80,99
86,3511,65,80
83,1662,60,90
101,2589,71,25
49,660,66,99
5,2927,50,80
102,1058,51,44
38,661,73,75
5,1022,82,50
1,160,58,0
71,2996,99,25
88,2018,69,25
66,868,72,50
78,3496,86,99
63,3473,68,80
22,2667,99,80
102,2577,97,80
10,1681,90,90
71,2946,83,90
3,2487,56,0
75,1052,62,90
64,2990,57,75
2,1684,55,90
55,2573,53,44
38,1214,86,90
6,2658,72,80
27,304,50,90
29,2980,97,50
12,3267,87,80
40,1627,68,44
7,3723,117,0
27,2139,96,25
92,2896,71,80
102,2071,60,90
100,1993,95,80
2,3486,97,99
90,3455,82,50
46,1167,63,99
41,981,55,99
92,3636,55,0
91,23,67,80
76,1150,74,99
36,662,67,44
31,1838,79,90
9,2499,57,50
28,528,71,44
84,686,73,75
34,3321,91,80
69,2168,85,80
93,894,70,0
31,2780,65,75
78,99,89,90
74,3534,52,75
40,3560,84,25
33,770,71,44
4,1690,71,75
97,45,72,50
37,1808,64,75
80,3431,54,44
62,2149,65,75
77,1582,96,80
31,2096,92,44
8,1428,56,80
0,1831,78,25
24,236,86,44
35,1323,72,44
92,816,52,0
78,406,57,0
26,1342,60,25
56,2304,68,0
79,2184,99,44
69,2235,73,50
93,3548,94,50
72,348,76,80
86,2688,67,44
41,3464,93,25
88,1946,66,44
39,1355,51,90
58,2516,56,99
101,569,96,90
92,1940,91,99
91,3139,95,75
23,103,91,25
41,985,50,50
20,3192,88,75
100,2146,51,0
77,819,96,80
2,930,63,50
56,2217,88,0
77,419,74,0
41,1754,52,80
57,3552,63,50
61,3634,73,80
95,1862,86,90
60,1162,78,0
35,2606,94,0
7,55,73,90
56,623,97,25
85,1867,67,75
93,3427,50,90
94,1500,80,99
76,3230,98,80
27,3138,77,50
76,2878,62,44
92,2237,54,25
18,1999,53,44
59,1213,92,75
3,2088,51,90
3,1176,70,50
32,1111,51,80
93,1136,82,99
67,3361,95,75
42,1628,66,0
20,955,56,75
88,607,91,99
44,2228,64,50
44,1969,91,80
4,2064,68,80
96,524,88,90
19,2213,57,50
83,268,93,75
62,3407,81,0
14,27,98,0
54,1388,85,50
11,779,50,80
29,582,58,90
98,228,91,90
97,3569,51,25
80,863,66,25
4,3164,68,90
27,3304,73,44
92,3051,66,50
66,1223,79,90
28,431,84,80
80,1565,52,0
100,943,60,80
13,3258,74,90
82,2471,55,75
61,1157,84,50
78,440,84,99
75,1527,83,75
75,1860,71,80
87,2353,71,99
49,3687,88,25
32,578,51,75
6,513,85,44
50,1654,57,80
102,3717,67,68
61,3186,80,90
53,2597,78,0
82,212,91,80
5,1831,77,99
89,1337,69,90
16,2291,92,90
36,590,74,0
22,730,62,90
84,510,69,80
27,1307,55,75
94,800,89,50
49,3472,60,25
30,2374,76,0
13,2226,52,99
12,3697,78,44
61,1197,93,44
32,620,63,0
58,1047,72,80
47,3140,74,75
57,1736,99,50
78,3340,79,90
9,2642,79,80
79,2910,90,50
26,810,62,90
45,1778,99,0
96,524,88,90
7,3631,64,50
74,112,87,99
44,3100,73,44
1,1782,88,50
68,1550,87,44
2,3321,96,44
46,2773,77,80
31,2172,88,44
48,1720,61,99
66,1531,92,90
19,464,50,80
63,499,79,90
54,3606,65,50
34,2902,92,25
28,989,66,75
46,3125,54,0
71,1613,64,25
56,1238,59,80
87,1589,71,0
34,250,75,25
2,2372,97,44
67,179,86,80
26,516,54,50
53,2723,56,80
22,2724,90,90
48,3405,94,0
102,962,66,0
33,3192,98,99
2,1410,88,90
4,1717,70,44
61,606,83,0
89,670,81,90
97,45,72,50
25,599,87,44
42,3327,51,25
62,2288,74,0
48,439,66,44
22,2121,66,90
93,1474,56,0
94,1380,93,99
45,2088,98,44
46,2305,78,80
96,1719,85,25
32,3164,89,0
84,472,87,50
55,3121,91,80
92,2635,91,90
15,1272,95,0
100,898,61,50
11,2131,72,25
70,3569,53,90
55,3077,68,80
92,444,62,75
35,2422,81,80
87,1509,66,90
8,1572,75,75
64,2944,51,90
32,1920,89,0
25,2127,93,99
6,2473,91,44
101,2265,62,0
31,1848,51,75
69,1271,77,0
64,2081,71,25
50,323,75,75
23,916,75,80
5,3387,67,44
79,2184,99,44
102,63,51,80
80,1992,63,80
38,3330,83,75
6,1068,55,99
47,3565,51,0
93,767,91,90
81,700,81,0
95,1132,69,75
84,2662,54,90
23,2197,77,80
84,3292,83,44
95,1862,86,90
89,953,98,90
96,3634,96,0
18,266,64,75
98,2849,59,99
46,3188,94,44
46,2080,73,75
52,1862,83,50
41,1691,58,25
65,1285,54,99
51,2998,63,44
68,1780,75,44
97,636,75,44
20,2935,91,50
43,1576,97,50
53,3426,94,90
17,1861,100,99
22,3040,70,90
52,3226,81,75
28,1974,71,44
54,423,73,80
46,2795,96,25
52,2673,67,80
57,801,89,99
77,858,65,90
22,3235,74,44
73,3019,75,50
78,1450,73,25
55,2807,93,44
94,3091,78,80
10,1471,78,80
21,3453,90,44
51,387,59,99
81,378,53,90
74,2758,92,75
64,1986,67,44
78,1522,67,25
2,120,93,0
44,2115,80,0
81,106,93,90
82,2745,89,75
3,101,99,50
70,2622,81,75
30,2230,71,25
74,415,94,75
61,1197,93,44
89,670,81,90
78,2993,54,50
49,2001,50,80
59,1594,94,75
65,1289,91,99
32,1472,62,25
4,3593,69,44
84,1435,78,80
15,2673,91,0
74,1442,74,80
7,916,73,80
82,561,66,99
101,272,76,80
54,1923,62,0
39,3335,60,80
32,2550,79,80
56,3627,91,44
94,1500,80,99
36,1629,91,25
14,3151,72,90
18,2692,77,75
94,1389,73,44
60,1158,69,99
37,3368,52,80
69,696,67,50
30,3725,64,44
80,1991,91,44
89,23,80,75
0,1831,78,25
37,3672,73,99
18,2501,67,0
43,2867,65,44
81,2232,72,0
48,2761,55,0
54,1923,62,0
98,1829,94,50
73,3471,67,44
9,587,85,80
19,397,84,0
6,1455,77,25
74,1965,80,99
62,387,52,0
86,653,76,90
32,1665,53,44
58,1488,50,90
19,1401,82,75
80,3687,61,75
77,103,51,0
38,1695,91,75
27,858,81,44
41,1434,54,80
94,3659,53,75
79,3328,77,75
10,1073,54,0
80,3423,91,50
101,3224,91,75
15,1482,99,0
89,1146,63,80
63,1968,82,80
42,2896,70,0
88,607,91,99
46,1714,74,0
72,2798,78,99
45,1121,98,25
50,3724,90,25
83,614,74,25
68,430,65,90
80,505,84,80
21,3482,77,44
41,1857,50,25
0,1117,92,0
18,1410,55,44
45,3721,67,68
37,1839,62,44
59,2181,93,50
78,1133,83,99
19,1926,78,99
38,2839,79,80
25,320,71,99
70,899,74,90
22,1704,84,90
94,3674,68,25
23,3602,89,80
57,2361,99,44
98,1496,54,80
91,483,99,0
44,676,85,50
15,3618,96,90
49,546,59,25
81,860,94,25
27,807,96,25
84,520,99,44
90,3272,93,75
89,2687,81,25
58,1020,59,90
69,3074,57,75
63,1391,50,99
93,3186,93,99
12,3346,77,0
13,2364,87,90
81,2030,51,90
6,2953,51,25
3,1142,97,80
27,2446,91,0
36,108,51,90
33,81,89,75
67,1325,78,44
56,2482,77,25
98,2778,64,25
16,997,82,80
79,3445,66,0
100,3383,72,80
46,671,64,50
93,3101,50,80
76,1979,55,90
21,2847,92,90
56,2377,100,75
5,764,63,50
51,2437,90,80
96,708,88,0
53,2597,78,0
88,3085,93,99
12,3668,75,80
30,1428,79,44
74,198,99,44
93,531,88,0
19,3725,51,68
39,2612,86,80
1,276,71,50
33,3648,90,44
88,2983,97,80
18,2093,83,99
99,942,57,75
4,557,88,25
12,1161,87,0
78,2737,71,80
30,315,54,44
20,1568,76,0
85,2864,60,44
94,1171,61,0
61,1037,59,0
33,1027,93,50
74,2758,92,75
7,2277,97,80
17,1181,76,44
64,2158,57,44
42,1401,89,50
79,1577,68,80
8,614,50,25
66,1217,99,50
96,779,88,99
63,150,99,99
95,2466,85,25
38,2576,99,99
56,3449,67,75
52,411,72,99
57,1805,54,25
7,3116,77,44
77,1365,65,50
4,2355,62,80
53,860,95,50
14,335,62,50
7,2125,51,75
14,1075,65,25
9,1057,88,50
98,3626,76,75
65,3546,79,99
102,2477,86,75
102,2562,53,50
8,2953,57,80
95,413,61,44
97,3285,65,90
36,2894,84,44
52,1261,71,44
98,2720,78,99
78,3358,85,50
58,1075,98,80
97,655,76,0
72,3354,53,80
89,1335,99,75
94,158,54,50
2,963,95,25
100,3379,70,25
12,3563,90,90
75,3505,77,90
41,474,63,80
60,1964,71,0
53,3576,63,80
66,2862,100,44
94,489,88,44
83,2674,89,90
32,384,80,44
23,1969,65,44
44,2383,54,50
43,2987,71,44
42,1520,84,99
53,2810,66,50
31,2061,71,25
88,1986,100,44
68,2440,82,44
72,1956,54,25
77,1505,60,99
78,565,58,90
33,2460,94,99
95,3573,93,25
3,738,71,75
39,3668,95,99
9,1916,54,25
55,2207,89,80
51,3181,93,25
46,1333,79,75
2,3284,54,0
96,1319,53,80
5,2976,67,50
36,834,59,90
40,599,54,80
34,72,97,99
33,1929,88,50
99,638,52,25
47,2786,73,80
97,1528,66,80
61,3501,92,90
86,2973,65,25
32,3694,135,75
69,2487,94,25
23,1969,65,44
91,651,83,0
90,1767,77,90
53,2777,75,25
14,1368,75,44
70,1418,63,75
51,2047,75,99
90,3465,50,0
55,650,99,99
27,2446,91,0
50,3352,50,99
5,3461,50,90
51,762,53,25
86,122,75,99
88,2717,56,99
52,679,70,80
10,1681,90,90
91,3675,94,25
64,1332,100,0
90,1814,72,50
92,930,88,44
13,3098,95,99
49,595,50,99
59,1767,55,50
54,1388,85,50
97,3405,98,90
95,159,89,50
82,2471,55,75
88,649,96,90
54,1643,67,50
65,192,59,50
98,871,98,25
42,2928,50,0
67,1337,92,0
78,3479,72,80
28,528,71,44
85,1614,77,44
66,2895,54,90
65,1289,91,99
89,2741,94,90
4,2158,58,25
24,2350,77,90
78,319,51,90
20,1022,79,75
7,1663,73,75
10,1272,98,99
44,2938,86,80
14,323,97,50
66,789,88,99
81,1465,96,80
73,329,64,50
39,1808,95,99
29,3722,82,75
2,2184,87,90
12,1073,83,75
2,3339,74,25
61,1131,80,25
99,725,56,99
24,3291,90,44
89,1417,62,75
10,2657,85,0
52,2238,93,50
51,248,99,50
99,1346,78,25
84,3180,51,90
44,2938,86,80
10,1272,98,99
68,1563,64,80
6,2657,99,50
27,653,79,50
47,2473,74,44
56,1238,59,80
72,3303,56,75
14,419,66,0
93,1908,89,0
62,2582,79,0
17,68,91,50
67,1615,75,90
50,128,78,99
23,3488,80,44
92,2174,94,80
11,3164,75,44
74,3704,116,25
0,2809,66,25
5,1440,61,50
65,3123,59,50
43,1135,76,75
99,3608,98,25
55,1443,81,0
37,3231,75,99
75,933,82,80
81,1799,88,50
36,590,74,0
33,1027,93,50
21,2959,60,25
34,142,82,75
51,1627,84,80
13,356,86,50
96,1376,77,44
87,750,58,99
51,1123,90,0
42,2928,50,0
40,196,62,80
36,2843,56,25
78,577,68,90
31,3116,78,0
92,2243,57,0
54,1200,64,25
37,1786,55,80
23,2707,52,80
10,2694,98,99
44,3091,54,0
74,1678,66,44
11,555,89,0
88,1678,97,80
66,2415,90,90
67,774,65,90
34,2902,92,25
47,3199,80,25
4,1332,80,44
69,1316,88,90
51,248,99,50
68,805,93,44
84,3011,74,25
79,2205,57,75
41,309,98,99
48,3053,53,75
56,2560,65,75
33,2381,95,50
10,917,92,90
61,585,89,25
100,2916,66,50
20,77,77,80
7,3610,74,99
81,860,94,25
30,751,87,44
4,1842,78,25
38,323,59,44
77,1952,97,25
2,2806,91,99
98,2893,89,80
22,3701,74,44
15,1272,95,0
59,1197,75,75
19,3238,65,99
83,867,74,0
35,67,88,80
9,303,63,50
57,3596,59,44
35,2441,76,75
77,1365,65,50
87,1902,51,75
88,456,94,0
14,421,64,80
73,3308,91,0
100,2146,51,0
48,172,85,99
59,940,72,90
72,324,62,44
40,378,79,25
90,2175,61,80
17,1173,67,90
64,1848,67,0
21,1083,78,0
32,929,98,0
73,903,57,75
89,2766,87,25
19,441,61,50
81,3362,65,0
95,2169,95,90
97,1654,71,44
3,1749,99,99
55,3580,58,90
48,2763,57,80
99,1201,63,25
71,2880,96,50
21,1593,81,25
29,2574,75,99
22,2892,86,0
34,178,84,80
29,1848,53,50
76,2162,86,25
89,3351,65,0
85,1790,77,90
60,2818,55,25
98,3203,95,75
94,2286,71,44
12,392,62,80
87,3411,64,99
48,2891,72,50
101,2354,97,50
51,1186,68,75
82,25,57,90
47,2279,66,99
2,446,96,0
84,686,73,75
4,184,69,80
11,3164,75,44
52,2741,65,0
9,3144,89,50
28,1907,55,25
89,968,67,80
18,3517,50,50
29,3454,69,90
44,194,82,50
22,292,68,50
27,3029,89,80
34,729,77,44
56,1923,85,90
89,2134,94,44
32,2478,82,99
48,3053,53,75
100,753,92,0
97,1296,51,44
15,1345,50,75
52,284,98,90
4,2523,94,0
99,3356,65,44
11,2131,72,25
36,1179,82,25
49,2754,84,99
83,1199,54,44
75,2139,82,80
71,208,84,44
2,2990,67,44
78,2737,71,80
51,461,92,0
48,2363,94,44
34,1735,71,25
91,2851,100,50
100,1988,65,99
17,2156,67,75
94,3507,99,90
59,1535,85,0
102,109,95,80
29,2215,61,75
102,754,79,44
92,1741,91,44
44,3109,89,0
79,3445,66,0
77,3598,69,25
73,1633,100,80
36,3083,83,75
67,420,85,80
29,2336,87,80
30,2488,86,90
99,1701,53,75
80,863,66,25
84,2679,72,44
65,2163,52,50
80,217,58,90
79,1075,91,90
40,1750,59,80
79,3513,52,0
62,2582,79,0
78,406,57,0
78,3250,73,80
65,2428,61,90
71,782,79,50
13,2590,76,99
97,1372,92,25
64,387,57,90
81,843,86,90
93,1012,64,80
27,924,53,75
14,2192,87,99
32,2358,65,80
5,206,94,25
9,614,72,25
83,2170,89,99
38,1106,66,80
16,2837,50,80
2,1831,100,75
13,3720,117,50
63,582,69,25
92,2979,77,0
34,1005,99,25
47,3514,50,75
93,1857,69,99
88,2983,97,80
36,1769,77,0
58,3663,66,50
98,736,67,90
76,1969,89,75
1,1410,59,99
44,3527,58,99
69,338,76,75
2,1287,100,99
101,3650,54,80
14,2724,93,90
27,1968,95,99
57,3370,70,25
32,518,90,80
102,2095,73,50
29,3402,79,50
98,3070,79,0
66,236,61,90
79,568,72,99
7,3676,94,80
80,3048,100,90
14,722,86,44
76,2878,62,44
53,1949,53,25
90,2193,93,44
33,3568,93,80
66,2774,65,44
17,2438,92,25
79,1041,86,99
18,3565,58,0
13,14,52,25
11,779,50,80
70,1891,90,90
34,2903,55,99
23,1894,61,25
66,1217,99,50
94,3726,53,44
34,1864,94,90
20,996,67,25
72,3230,85,99
74,112,87,99
65,3084,75,99
79,2784,66,0
81,843,86,90
69,1824,64,44
76,1078,65,0
5,3037,94,44
56,3706,52,0
24,654,64,44
15,263,90,25
27,2819,90,25
100,871,87,80
70,2795,85,25
53,6,72,25
4,1717,70,44
28,2389,82,75
84,3186,97,44
29,2635,95,50
54,303,64,44
0,462,69,75
54,905,51,75
20,1197,55,80
54,1878,94,80
98,2392,71,44
4,3352,86,25
93,1193,60,99
75,363,62,44
0,3388,73,99
55,3160,54,90
47,592,66,90
51,2613,64,44
21,1098,63,44
63,1361,100,80
25,2608,68,90
30,101,62,0
90,2405,78,0
76,3496,62,90
23,3024,63,75
65,1824,74,75
77,3144,62,75
35,3142,56,80
89,3605,60,0
4,2574,52,99
101,1519,88,50
51,2748,59,99
54,31,93,44
73,8,78,25
30,3578,92,75
83,53,95,44
42,1212,94,44
4,904,75,25
50,692,53,50
22,438,67,44
68,1547,97,25
79,2713,73,44
54,3470,56,0
71,3335,75,50
2,1268,57,80
56,3293,63,75
51,1724,72,50
102,2905,93,50
97,215,51,80
85,2312,84,50
98,112,88,99
77,2938,60,0
18,897,95,80
45,2042,87,75
100,2905,58,50
75,1767,61,99
36,1718,65,99
34,3163,71,50
75,711,74,99
101,2952,97,25
9,2499,57,50
14,2397,92,25
91,1877,62,80
27,304,50,90
49,3653,89,90
97,228,85,25
76,534,80,75
3,2118,99,75
66,3635,78,50
102,3062,84,50
19,3713,67,99
52,679,70,80
67,1739,82,0
24,3100,82,25
73,2945,69,0
42,615,52,80
50,2776,79,80
48,3588,83,99
50,1323,59,0
3,738,71,75
43,416,82,50
47,2452,66,0
101,1253,80,90
58,3563,58,80
81,2560,57,75
32,2204,68,90
37,1625,91,44
43,2327,100,99
93,3446,70,75
37,3231,75,99
16,2720,63,75
44,3469,95,90
57,1638,59,50
40,519,71,44
50,128,78,99
26,1544,77,25
19,370,70,90
16,426,73,44
44,1344,68,25
12,1460,77,99
26,2295,90,0
49,1493,72,25
61,2033,55,90
26,3620,52,25
22,417,74,25
97,710,82,50
17,2837,51,50
26,803,57,25
25,2961,81,0
53,2332,60,44
53,3241,67,99
41,3288,67,44
67,1826,70,44
76,2984,100,75
101,1253,80,90
101,3694,85,68
98,2468,69,99
93,665,64,99
90,3145,100,25
65,2484,83,44
48,1660,83,50
29,1523,98,50
45,1163,100,75
23,1763,89,25
93,1474,56,0
92,1329,64,25
67,774,65,90
88,2018,69,25
60,1764,78,50
34,3709,78,44
69,2696,76,50
47,98,85,90
53,816,88,80
63,532,91,90
21,1825,55,90
18,3484,93,25
53,3426,94,90
22,3634,57,44
98,871,98,25
0,2073,79,25
18,3242,68,44
35,1480,72,44
97,1076,84,25
7,2849,68,75
9,2355,65,90
60,2912,59,0
29,1523,98,50
90,1660,88,50
42,1925,71,99
25,3463,89,99
93,1317,77,44
6,1122,83,80
81,566,79,99
70,1409,88,25
101,3433,99,75
94,2817,65,80
1,33,77,25
63,1229,66,75
42,2329,61,50
34,2345,63,75
55,979,67,99
0,403,88,80
41,1430,72,99
78,3561,55,75
60,2746,52,50
13,2721,82,80
67,739,78,44
39,1808,95,99
102,1993,50,99
2,95,98,50
61,3235,97,0
13,1445,96,0
23,2194,98,50
32,869,61,90
4,2064,68,80
64,884,77,80
51,1625,96,0
7,1676,95,50
34,562,57,75
86,2823,72,90
95,159,89,50
13,1132,79,80
1,2389,98,90
2,2267,96,90
79,2682,74,0
68,2274,57,90
17,591,66,44
93,1473,59,75
21,177,86,44
30,1353,68,99
9,1312,56,75
8,3162,83,90
54,3403,99,44
94,567,93,80
0,954,51,80
11,3030,92,80
59,3074,80,0
78,1659,77,90
52,227,61,44
85,1614,77,44
21,3080,85,0
11,2723,95,99
83,1521,87,44
29,2194,92,0
29,2631,79,44
47,3140,74,75
101,2805,59,0
95,1974,100,0
94,3195,70,80
93,2681,57,44
37,631,77,99
72,1925,86,25
18,111,99,50
56,2478,92,80
4,3117,53,75
87,3263,63,80
36,2384,59,90
20,2935,91,50
75,724,81,0
46,1293,64,0
58,140,66,80
82,3615,87,50
74,1386,74,50
34,3234,76,90
4,1099,70,44
95,1721,52,0
22,2820,86,25
78,1522,67,25
51,1022,67,25
10,1094,71,99
54,2644,54,44
90,1556,66,44
4,920,92,25
34,3370,57,80
33,2745,57,25
72,3016,54,99
23,1390,62,0
38,2673,65,90
57,3552,63,50
35,338,78,0
84,241,73,25
69,1170,85,50
80,751,55,99
93,3548,94,50
82,1255,80,50
44,1232,94,25
4,3391,84,75
0,596,88,50
72,747,100,44
64,1140,70,50
0,3614,58,50
74,2198,60,90
66,1318,73,50
97,1148,54,99
31,1606,69,50
5,2630,60,90
37,3693,80,80
55,293,88,99
4,938,98,50
0,2809,66,25
100,1388,61,25
69,2283,51,0
60,116,85,80
67,3136,96,0
101,1306,59,25
89,1519,65,50
57,2081,69,80
48,398,84,25
12,2713,91,25
47,2740,91,80
67,1826,70,44
95,93,81,90
48,1670,54,50
57,2361,99,44
85,1054,58,50
71,3365,84,80
79,3632,72,99
71,799,64,75
14,2237,64,44
96,690,82,80
28,743,70,0
73,221,94,75
20,3407,69,50
89,1129,64,0
4,217,74,80
34,250,75,25
87,236,67,50
58,1713,93,50
3,339,53,25
70,672,61,44
27,1415,89,99
16,2649,56,0
101,2008,57,99
80,1589,91,0
71,1413,84,99
35,55,50,0
12,3018,87,90
11,2861,65,80
49,3140,54,25
78,3478,66,99
55,2552,61,25
50,600,95,99
89,2734,81,80
68,904,70,44
27,3138,77,50
99,1701,53,75
33,2381,95,50
41,1076,57,25
52,2586,87,80
38,1388,85,0
85,3662,87,25
56,3449,67,75
44,2752,76,99
18,1476,52,50
20,2803,72,75
83,859,58,44
52,1066,86,99
27,1222,72,44
20,3365,89,0
61,2122,56,0
13,509,69,25
8,2772,61,90
57,3048,58,75
80,1633,97,0
68,313,88,25
89,3101,90,99
56,1334,54,99
30,1973,73,80
2,1400,60,90
31,3418,94,25
35,655,85,50
84,1496,92,44
11,3411,88,90
50,2385,72,90
68,3572,53,50
79,985,51,90
63,3149,50,75
29,1048,77,75
6,54,75,25
27,1915,67,25
68,3572,53,50
60,2699,54,90
63,3286,95,25
94,1895,100,90
38,3255,89,25
68,242,88,44
87,1575,85,0
41,1069,98,44
32,869,61,90
11,2993,88,44
7,1526,52,75
6,2518,52,50
79,29,93,80
45,1269,68,75
5,2555,76,90
29,2606,66,99
9,3055,63,90
42,286,67,99
96,2459,92,99
53,2777,75,25
90,3465,50,0
98,2655,74,75
45,1878,85,80
36,652,52,0
102,2787,78,90
44,3406,70,90
53,115,54,75
2,1906,65,80
10,221,79,25
56,853,87,99
66,2771,59,75
42,1520,84,99
97,2084,98,0
2,3709,70,0
88,692,73,75
57,3153,81,99
5,1440,61,50
31,2096,92,44
97,3124,68,25
42,615,52,80
41,683,94,0
44,2810,68,90
91,1129,78,25
51,1022,67,25
26,3620,52,25
26,1451,69,25
70,1430,97,44
13,3552,79,44
52,2788,97,0
2,1684,55,90
79,1214,60,44
45,1288,96,99
60,1894,63,25
39,2195,70,50
29,2991,100,50
47,3010,62,99
39,216,80,99
13,2364,87,90
73,142,76,44
29,2898,74,90
84,3311,95,75
88,1406,52,0
27,807,96,25
100,1188,92,90
82,1454,73,25
97,3124,68,25
5,1831,77,99
65,1484,79,25
4,3047,73,0
72,428,79,80
28,1967,86,99
61,841,73,99
88,1946,66,44
37,702,58,75
37,596,89,50
85,3648,72,44
63,582,69,25
60,2949,72,44
25,3288,73,0
55,2444,76,80
57,1717,73,44
98,2385,85,25
53,3124,75,80
94,302,54,80
28,1106,56,80
80,3386,86,25
0,3576,60,0
6,245,95,80
75,3417,77,99
29,2994,70,0
94,3156,87,25
17,2958,85,25
96,3634,96,0
9,614,72,25
3,2125,82,90
87,2180,59,80
95,121,77,0
24,1927,89,90
88,516,61,90
20,1004,100,0
13,237,84,0
60,343,67,25
32,483,89,44
28,1133,96,50
0,99,54,99
49,873,59,25
96,1374,76,90
63,3464,83,99
37,2660,63,80
50,1070,59,50
93,1193,60,99
12,433,74,44
14,722,86,44
58,1797,88,99
21,3238,96,90
60,2818,55,25
28,2389,82,75
35,2606,94,0
73,3639,72,90
38,1388,85,0
9,2931,78,99
72,2798,78,99
65,2940,65,75
16,721,62,50
29,423,89,50
8,3231,60,0
0,1907,59,44
67,2058,69,44
57,2833,74,0
102,213,54,80
94,302,54,80
0,990,90,50
100,3175,95,99
23,2540,69,75
87,1902,51,75
23,1004,69,25
34,1134,91,90
58,761,88,50
6,1524,57,44
67,1739,82,0
68,599,63,75
28,3213,58,80
41,3366,70,44
39,1346,68,44
63,33,69,75
81,3323,57,75
100,3711,84,0
31,2753,96,99
53,589,54,80
29,2336,87,80
38,3604,84,50
75,249,75,99
80,3726,129,50
36,739,65,75
16,804,89,75
72,352,69,0
79,2372,99,90
97,1076,84,25
49,3000,84,90
61,949,55,50
94,2289,98,80
1,2367,81,90
67,3371,54,75
59,1930,71,44
89,3259,54,44
16,1484,74,50
71,3369,93,0
3,2255,92,80
38,2821,62,90
79,1598,58,80
99,942,57,75
100,871,87,80
81,2645,60,25
50,2997,79,44
3,2856,59,0
74,1313,71,50
33,340,56,80
90,2033,79,0
89,3605,60,0
52,782,97,99
29,1460,66,0
86,1979,55,75
48,2391,63,50
86,2074,96,90
100,3595,88,50
55,2237,70,75
69,1632,73,25
78,1278,52,25
23,1924,61,50
79,2873,90,75
99,725,56,99
86,1396,56,0
43,406,51,80
45,1878,85,80
63,314,89,80
34,3493,74,25
44,1478,58,99
21,3371,99,90
53,2383,68,25
49,3727,67,68
38,3716,133,0
46,645,61,99
24,1848,73,44
0,493,69,90
37,596,89,50
11,1159,78,99
50,3324,99,44
69,1271,77,0
64,1289,59,80
57,322,93,0
51,387,59,99
81,1209,59,90
53,2143,97,25
66,1876,100,90
26,2571,87,50
84,510,69,80
60,2949,72,44
12,2384,67,0
3,3311,93,99
49,2098,87,99
14,3543,61,99
24,2516,96,25
78,3551,63,90
72,3078,74,75
17,2823,57,25
24,3145,58,80
43,973,73,75
60,1492,50,90
24,892,84,0
21,3684,65,99
9,3587,71,50
44,2244,68,44
95,2169,95,90
16,2760,62,0
32,1171,59,50
75,249,75,99
52,1047,65,50
55,3077,68,80
90,3326,87,99
35,826,82,25
58,117,76,90
50,1746,83,0
33,1726,100,80
24,897,100,25
25,869,74,90
41,3711,134,44
41,289,58,44
25,2210,79,80
12,1267,60,25
54,3568,76,25
96,3323,54,25
43,1422,53,90
54,3039,55,90
11,2600,63,80
36,2318,98,75
56,317,85,80
71,3225,82,50
12,216,84,75
60,984,63,0
75,1081,96,99
32,3275,64,75
55,2758,97,99
73,677,97,44
61,3235,97,0
37,1839,62,44
94,2308,60,0
5,2047,98,90
97,228,85,25
46,741,87,90
92,2357,86,50
51,1186,68,75
71,2029,89,0
81,2889,87,90
33,3605,71,25
67,1322,95,90
34,2583,69,44
48,2077,96,80
92,2137,87,75
32,3344,100,25
41,1589,83,90
7,1561,88,75
13,1560,55,99
11,1191,72,0
27,426,87,50
88,765,75,0
74,2078,74,50
98,1934,83,75
91,2821,93,90
60,2699,54,90
37,1875,62,80
43,2710,71,25
100,1925,79,50
35,1897,100,75
92,2174,94,80
73,157,64,90
7,947,80,0
102,469,61,25
69,570,64,50
15,184,89,0
88,1479,88,90
40,2726,84,44
4,2907,80,0
49,478,75,0
75,1427,83,75
5,1929,81,80
49,2209,97,50
97,3318,74,50
67,420,85,80
43,1538,72,80
97,1296,51,44
101,34,90,44
102,57,57,75
44,2021,100,44
53,2703,96,90
76,3225,62,50
41,1691,58,25
9,238,96,25
29,3402,79,50
90,1814,72,50
56,1263,72,44
15,1565,89,50
6,769,55,44
99,1550,87,25
3,792,95,50
9,587,85,80
102,1511,68,50
78,1660,79,99
61,19,56,99
74,798,55,44
59,3673,78,0
60,316,84,25
7,557,84,80
9,3257,56,50
85,1179,91,75
82,166,61,90
81,66,74,0
64,2419,61,25
79,1055,50,25
45,1269,68,75
17,2823,57,25
3,176,55,90
79,3485,78,75
71,689,50,80
76,1202,98,0
68,1723,52,50
1,2224,96,99
37,1154,72,99
64,2571,51,0
22,2666,58,80
22,3407,66,44
37,840,85,90
58,3140,59,50
9,611,79,80
70,2138,71,50
87,3263,63,80
38,1695,91,75
43,1342,69,99
94,1533,72,44
68,1664,73,90
95,2426,55,50
54,2828,78,90
17,641,66,99
36,1718,65,99
10,697,70,99
20,285,76,99
11,1159,78,99
90,3374,95,99
19,3228,96,75
18,2653,59,25
85,2873,91,0
23,368,97,44
102,282,90,80
65,2940,65,75
69,1632,73,25
24,1861,66,0
21,801,51,75
22,290,82,0
88,3456,71,90
58,3132,91,0
99,615,81,99
13,166,77,90
7,1555,71,75
16,426,73,44
51,1724,72,50
21,1159,70,44
77,419,74,0
85,1870,74,80
88,3326,94,25
62,3525,65,0
92,3577,72,99
45,2042,87,75
91,1079,71,25
25,2358,82,0
83,3568,68,50
40,348,83,75
97,1857,96,44
77,2336,91,44
44,2115,80,0
57,1750,94,75
49,409,87,80
8,3517,75,99
92,2646,87,50
59,514,67,90
30,2118,92,25
61,3501,92,90
28,568,54,44
68,657,63,75
61,3343,53,75
2,2184,87,90
13,3439,91,75
4,1372,98,80
46,1285,63,75
6,2658,72,80
57,596,93,50
88,2096,83,90
42,394,61,25
37,1927,54,99
84,3282,84,90
48,1192,90,50
76,915,75,25
28,989,66,75
6,1365,99,0
41,3374,73,80
8,7,89,75
34,3064,57,80
19,3422,57,80
7,982,50,80
46,1117,95,90
9,1916,54,25
23,3443,52,25
33,1319,61,75
68,3299,62,44
97,1435,62,75
95,595,83,99
38,744,56,99
91,1378,68,0
95,3035,78,90
65,2405,62,25
54,177,84,25
24,1017,92,0
33,1243,69,75
16,1169,72,75
96,315,94,44
54,3335,55,90
56,2560,65,75
39,2782,87,25
48,299,87,90
22,1950,69,75
29,313,96,75
95,2155,52,80
94,1391,76,99
70,3293,76,90
88,2910,91,90
35,1449,71,50
92,693,92,80
56,1805,78,99
61,3451,80,90
33,1204,72,90
11,3649,82,80
91,362,96,25
11,2083,51,75
5,1801,56,90
40,537,100,50
86,736,75,50
91,1391,65,75
89,243,84,50
68,2679,77,44
102,1528,83,99
18,2365,75,99
68,2227,76,25
56,2217,88,0
96,2495,77,44
76,2404,98,80
59,2315,86,80
62,2782,68,0
12,780,93,25
55,979,67,99
81,466,92,50
66,246,90,25
13,3168,72,0
80,3677,81,80
51,551,61,99
17,68,91,50
90,2597,69,50
66,2862,100,44
74,742,51,50
24,951,93,0
43,1080,100,99
97,806,59,99
74,1278,78,80
93,767,91,90
25,2608,68,90
55,1728,64,80
49,485,50,25
97,710,82,50
68,2286,95,50
97,3017,78,50
20,3382,99,50
14,3057,84,0
57,1638,59,50
87,3598,76,99
83,3070,51,0
31,3292,81,25
0,1117,92,0
88,2994,50,50
50,3405,90,0
96,3323,54,25
17,1181,76,44
52,1684,64,50
20,3240,53,80
44,854,70,80
72,501,79,0
50,1070,59,50
48,3089,83,44
11,1204,79,50
39,2782,87,25
47,592,66,90
40,894,96,75
9,3271,68,80
76,3609,74,44
67,387,100,80
2,3190,88,44
86,3693,95,50
23,2200,91,75
42,2805,78,99
54,174,96,25
41,1628,83,90
23,3542,77,90
88,2974,59,80
35,1351,79,44
98,343,68,90
28,1352,98,44
43,1461,62,99
25,869,74,90
4,1124,79,0
82,210,97,90
11,2509,60,0
93,1019,65,80
15,2055,81,80
78,450,55,0
2,1292,75,50
51,2750,87,25
90,1856,79,0
88,1309,75,0
93,2006,64,75
29,2921,78,25
26,2366,76,25
1,1560,60,0
62,3525,65,0
37,3368,52,80
26,221,57,75
80,3548,62,75
94,2526,58,0
15,694,71,90
7,2383,52,0
85,2569,95,99
19,3647,93,99
20,948,57,25
55,1057,94,44
55,710,57,0
61,1516,53,25
39,2593,83,50
47,2452,66,0
96,1807,57,80
33,3593,84,75
71,3367,56,75
66,1659,64,99
60,3194,86,25
71,2946,83,90
41,3160,58,99
96,2944,73,44
58,1043,89,50
86,1686,100,80
100,3514,78,90
27,1569,86,80
77,43,90,75
15,2023,62,25
64,751,66,25
23,3675,76,80
78,3343,72,80
73,3308,91,0
17,634,86,0
12,1248,67,25
83,2529,96,25
15,3082,68,80
89,1824,73,90
1,1103,67,99
84,241,73,25
88,1596,88,0
101,3224,91,75
48,1193,60,90
87,948,98,90
39,699,84,44
29,1460,66,0
42,959,59,99
56,406,100,44
101,589,64,80
15,377,81,25
101,3057,65,50
68,1058,83,25
41,927,59,80
65,1107,76,25
40,204,83,44
53,2866,87,25
99,1884,92,0
67,1074,75,44
100,1575,60,75
93,3669,66,25
31,735,81,99
61,415,68,25
1,361,88,0
48,450,97,25
7,1364,76,25
94,2742,72,99
35,2422,81,80
24,977,77,99
31,2424,99,50
37,1721,91,99
49,163,58,80
36,2274,94,80
62,1755,63,75
39,2531,83,80
74,839,81,0
87,931,65,25
88,963,61,25
71,1556,86,80
95,410,52,44
70,309,77,90
10,1204,78,25
94,2919,60,75
21,3129,71,99
3,1599,95,80
73,2891,64,75
44,1355,89,44
81,700,81,0
8,2123,52,99
88,964,91,90
6,2518,52,50
82,210,97,90
48,2983,55,0
67,2931,66,80
54,2514,73,50
45,2869,51,99
39,2071,89,0
4,1163,59,80
92,3330,77,0
44,641,73,0
56,1044,68,50
67,2033,51,90
95,3720,99,80
0,990,90,50
101,933,52,75
47,2500,65,99
59,2566,73,75
38,3330,83,75
95,485,86,75
88,963,61,25
24,3631,97,75
99,2014,65,99
67,3064,81,75
50,353,93,25
74,415,94,75
65,1385,53,75
50,1450,65,75
43,3367,64,75
6,2820,56,90
57,545,53,90
70,2138,71,50
32,50,94,25
40,1523,82,0
21,2323,84,50
58,1115,78,50
22,1048,80,44
61,417,66,0
52,682,54,75
69,1170,85,50
59,1720,60,80
24,2477,68,0
61,19,56,99
56,1533,69,0
26,1850,78,80
89,2052,52,75
38,2361,80,25
2,2267,96,90
24,2677,76,99
50,3688,80,75
8,1667,64,0
30,993,76,0
22,2820,86,25
64,371,67,0
80,121,57,25
7,2277,97,80
20,587,85,50
0,2587,91,90
76,2373,97,44
8,25,55,0
50,3352,50,99
61,949,55,50
19,3422,57,80
35,923,89,90
55,3121,91,80
17,935,92,25
52,284,98,90
31,1829,83,44
101,3433,99,75
94,3091,78,80
74,2803,95,44
25,2658,56,25
47,725,74,50
62,3407,81,0
74,2743,54,80
30,1428,79,44
31,92,98,0
92,1899,70,0
4,1716,57,99
53,1949,53,25
27,1660,77,90
73,538,90,0
63,3486,80,44
11,2577,68,0
35,1480,72,44
17,591,66,44
99,3487,92,90
68,2352,59,50
71,1344,54,80
27,638,91,50
51,2030,67,90
84,2824,61,99
38,478,88,75
89,3378,85,0
4,369,92,50
88,27,69,90
15,184,89,0
34,713,92,44
13,921,81,99
86,2759,87,80
34,994,83,90
45,2826,67,50
46,637,74,75
78,3359,88,50
53,2883,64,90
102,1993,50,99
63,3663,66,50
9,1660,51,50
82,336,85,80
8,3169,71,90
37,1340,56,44
75,501,96,80
79,1178,60,80
22,114,100,99
59,3594,66,50
75,3060,90,25
47,633,72,25
56,1263,72,44
86,736,75,50
21,582,50,75
67,3271,52,90
27,1211,52,80
26,983,89,90
91,2570,62,75
48,1193,60,90
82,3507,75,80
34,2173,63,80
51,762,53,25
2,2373,61,80
26,1373,81,25
99,3487,92,90
7,1451,53,75
94,1097,84,25
100,1388,61,25
28,3032,72,25
86,1765,89,50
91,1071,98,50
3,1142,97,80
82,336,85,80
22,334,55,99
17,436,86,80
82,3604,92,44
42,2380,81,75
87,1194,75,75
98,519,74,50
17,427,60,80
2,3190,88,44
62,1051,54,90
4,3593,69,44
65,1107,76,25
17,2565,100,99
28,1860,95,44
56,3128,71,44
41,1997,83,44
45,387,81,0
35,1728,51,75
94,173,70,75
74,3187,78,50
58,354,91,25
81,3515,55,80
1,2779,66,99
5,3607,93,44
70,363,57,75
76,1563,61,99
46,2860,81,99
65,1233,76,25
63,442,96,44
51,3459,84,44
92,3224,83,80
53,3419,73,44
78,3357,67,99
24,2516,96,25
56,2478,92,80
59,1535,85,0
4,2523,94,0
35,826,82,25
92,3642,62,25
24,238,85,0
28,1384,51,0
71,1229,79,25
96,3067,95,25
3,2224,69,25
53,2803,50,99
72,2374,78,90
29,1894,69,99
17,2565,100,99
74,2568,65,80
23,2716,56,44
31,3586,94,0
10,1071,93,75
19,3459,93,25
80,217,58,90
20,3195,98,75
76,3496,62,90
90,26,52,44
63,2672,73,50
10,892,90,99
55,2573,53,44
22,1888,90,80
101,1128,89,75
36,1768,64,25
92,2646,87,50
12,2423,84,0
43,1665,95,50
37,440,89,0
65,3315,81,80
20,1043,91,50
82,25,57,90
84,472,87,50
14,1747,100,90
64,3178,76,44
74,2829,99,25
58,1164,57,0
39,1615,60,99
81,466,92,50
54,2415,67,75
100,2407,51,80
3,614,52,80
57,801,89,99
74,1384,59,50
91,1848,73,50
47,2333,57,80
86,3708,148,44
78,319,51,90
27,1018,84,44
89,1129,64,0
55,2207,89,80
3,3325,68,44
84,253,74,0
13,3439,91,75
47,2082,89,99
10,221,79,25
77,1271,53,50
68,2410,98,75
18,524,92,50
87,3683,57,75
47,753,66,80
32,3421,95,50
4,648,62,75
14,3151,72,90
49,1204,75,80
33,1991,84,0
11,3700,84,0
80,1992,63,80
78,3358,85,50
29,1430,70,99
24,2995,76,50
47,3524,67,50
22,1582,60,50
93,1019,65,80
94,173,70,75
78,2166,96,90
81,3590,66,99
26,1342,60,25
21,288,83,0
48,878,76,50
22,2475,68,50
95,3664,59,25
70,2877,73,75
69,589,60,99
92,2243,57,0
81,2545,54,99
50,1323,59,0
64,567,96,44
25,2175,88,25
46,3569,65,25
3,2815,74,99
53,3419,73,44
28,269,87,90
88,3326,94,25
64,1146,54,44
18,3517,50,50
2,1268,57,80
52,661,96,80
53,2383,68,25
66,1531,92,90
32,2537,55,0
68,2246,97,75
10,1684,70,25
71,1382,80,80
43,1156,78,90
51,953,71,99
39,530,50,0
73,3698,117,68
2,3486,97,99
38,2821,62,90
2,315,57,80
19,812,85,50
35,892,67,25
95,1914,88,44
46,1903,52,44
83,2479,66,44
43,180,80,50
2,3187,100,75
51,3098,99,75
57,1299,70,99
98,736,67,90
93,2044,74,0
29,1192,98,80
68,3064,95,44
46,112,61,99
85,2271,76,90
84,598,85,75
61,713,69,0
52,2586,87,80
18,1366,83,80
2,3308,92,50
78,2452,96,75
98,720,97,44
57,545,53,90
56,382,92,99
100,1497,82,75
82,268,50,99
94,1156,60,75
31,1018,98,80
67,1427,80,25
74,1738,71,80
12,3450,72,25
74,2679,81,0
26,1373,81,25
15,2138,100,25
80,2019,90,44
55,2822,63,44
21,167,75,50
61,529,89,75
97,806,59,99
65,3084,75,99
75,711,74,99
80,2928,77,75
4,1713,70,75
29,3460,79,90
55,3124,50,75
49,430,71,75
15,1338,99,75
86,3380,62,80
42,458,72,75
44,1232,94,25
66,334,95,90
38,3053,95,99
68,3644,81,75
76,3172,53,99
13,963,79,75
95,1615,62,90
11,3649,82,80
1,2103,77,80
71,1344,54,80
75,3164,58,75
15,2023,62,25
86,122,75,99
50,1654,57,80
29,3268,54,44
52,2620,80,99
8,724,75,90
81,1175,55,80
53,3124,75,80
42,708,89,25
37,1786,55,80
40,3309,92,44
10,3067,60,80
3,156,80,80
102,3122,54,50
85,1456,67,80
0,3576,60,0
27,1730,66,80
63,3576,53,50
84,3311,95,75
34,1802,97,25
37,3672,73,99
93,608,87,80
65,947,97,75
22,2666,58,80
69,641,98,50
88,3319,81,0
41,2885,71,90
41,2655,85,90
27,1534,91,50
30,793,62,99
17,2782,57,80
67,654,66,50
63,3663,66,50
52,2477,55,25
10,680,85,25
56,3168,72,75
67,1255,72,90
40,894,96,75
85,3515,78,90
68,2161,98,0
46,331,89,50
80,1333,53,80
4,993,95,75
1,2389,98,90
15,2541,80,44
89,1720,65,44
35,892,67,25
3,2334,95,90
10,1073,54,0
2,2969,67,0
60,1084,65,44
14,3029,85,50
74,776,74,25
79,1024,84,80
74,1994,99,99
16,3297,98,0
81,1799,88,50
4,2556,86,75
74,1315,57,90
12,1957,65,0
39,271,70,80
39,3422,80,80
40,217,66,0
46,1213,81,44
89,1824,73,90
54,905,51,75
101,2664,83,80
20,1197,55,80
60,234,55,80
21,2924,83,0
40,459,83,90
75,1589,67,0
2,228,91,75
89,2707,52,80
93,2310,67,0
88,2974,59,80
29,2194,92,0
55,3580,58,90
40,1794,93,50
26,2295,90,0
26,2732,94,0
23,1274,76,50
24,3100,82,25
43,2106,92,80
16,3237,76,50
13,1560,55,99
39,563,86,25
1,3537,97,50
53,2883,64,90
54,947,56,44
93,1296,64,50
71,689,50,80
99,1785,81,90
56,1587,55,44
51,2998,63,44
56,2636,57,44
23,3150,94,0
21,2201,85,75
95,338,67,99
41,981,55,99
49,2098,87,99
71,799,64,75
56,2413,88,25
52,896,69,44
51,2437,90,80
62,3140,80,25
32,578,51,75
98,453,94,75
57,1805,54,25
42,1289,74,99
42,1978,87,25
33,1043,62,90
62,121,54,44
40,2373,92,25
29,2635,95,50
87,351,66,44
92,1532,80,99
32,966,75,80
35,1434,83,0
52,1420,62,75
72,3303,56,75
51,2030,67,90
40,1692,53,80
25,312,95,44
53,2206,97,44
49,3140,54,25
48,3320,91,44
28,431,84,80
100,1925,79,50
65,1240,77,0
25,2210,79,80
98,3645,63,0
32,3421,95,50
93,3186,93,99
19,398,69,44
28,2157,80,99
76,2086,79,0
83,2339,60,44
1,1947,68,80
52,2929,72,44
67,1853,63,50
13,2174,68,44
85,1054,58,50
33,1991,84,0
0,1274,80,80
52,3239,54,80
26,2366,76,25
48,1771,67,50
72,878,53,90
71,2880,96,50
81,3362,65,0
19,939,81,50
86,2170,84,44
0,1788,73,25
38,3714,146,75
43,769,76,99
51,1627,84,80
10,393,95,90
66,789,88,99
50,2691,94,90
65,2428,61,90
40,3137,99,44
4,993,95,75
1,2001,78,75
2,1685,65,44
35,828,58,0
79,1178,60,80
60,1116,77,50
102,3392,54,50
72,3016,54,99
41,3085,83,44
9,841,57,80
26,1765,72,90
41,1772,92,80
25,89,50,90
85,1569,74,25
68,684,85,50
3,3317,77,25
48,379,97,99
83,1453,55,25
70,3460,84,80
80,121,57,25
13,1301,70,25
71,3367,56,75
93,1857,69,99
14,3029,85,50
75,1346,65,90
67,3435,67,80
36,1769,77,0
3,3311,93,99
40,1683,88,75
41,1462,51,99
26,1382,97,50
89,2080,70,75
93,2044,74,0
92,2137,87,75
69,1793,91,25
22,804,74,44
30,2017,62,90
1,1782,88,50
100,3051,64,80
84,2218,59,0
76,2162,86,25
27,1017,79,0
88,27,69,90
58,1341,63,99
38,47,70,0
38,1311,90,50
1,2367,81,90
42,3,60,25
98,3369,73,80
36,1629,91,25
80,12,59,44
26,2202,84,90
1,1503,52,25
85,3428,94,0
97,402,53,90
46,1714,74,0
80,503,65,99
97,2810,76,50
39,1713,73,0
82,3377,51,99
1,620,96,25
98,2089,69,25
18,2692,77,75
43,1873,90,80
15,3590,74,50
26,786,66,80
42,1289,74,99
93,2599,69,75
17,1178,62,25
7,982,50,80
4,2876,72,80
18,3636,79,90
36,2486,59,44
26,404,76,80
49,478,75,0
54,3039,55,90
56,1399,70,50
32,3455,53,75
53,12,92,99
81,2660,72,80
68,977,67,99
6,1881,62,25
63,228,81,50
80,3300,83,25
41,252,77,25
77,2455,98,50
66,1666,97,50
28,1967,86,99
48,1603,100,99
16,3237,76,50
4,2051,86,90
77,2839,80,0
25,2175,88,25
29,1848,53,50
23,2694,75,75
5,2296,85,44
80,1854,52,99
10,720,55,90
13,2642,65,44
64,1140,70,50
45,630,63,0
98,1496,54,80
52,3157,68,99
81,2964,64,75
40,764,90,80
40,3215,67,75
13,2760,82,99
7,2849,68,75
5,459,85,0
87,752,98,50
80,3048,100,90
63,1193,63,50
92,2600,71,25
88,1955,65,44
46,2879,76,80
44,2750,86,44
20,407,59,90
53,1488,88,25
43,1829,51,99
23,856,58,75
27,1865,85,44
54,2859,85,75
99,615,81,99
61,3027,92,90
83,2310,98,80
92,2363,69,75
4,1690,71,75
2,2806,91,99
39,1572,66,50
65,3441,81,75
46,1450,82,50
86,166,69,25
12,325,50,50
21,3444,87,44
89,1720,65,44
82,576,76,44
29,2747,53,80
55,3571,90,90
15,2708,50,75
24,1491,92,80
54,2913,98,80
8,780,91,44
31,579,74,80
48,2661,79,99
40,2424,68,99
63,1407,82,80
40,2579,68,25
57,596,93,50
14,3543,61,99
9,739,53,99
35,1688,72,75
1,1686,56,44
15,1345,50,75
74,557,55,80
53,3711,150,44
98,3236,61,25
63,3464,83,99
23,1390,62,0
71,2080,77,0
89,3578,91,80
38,2331,80,50
46,3342,85,90
79,1015,85,75
63,2911,99,25
58,290,76,80
25,3451,99,90
101,958,84,50
72,881,62,50
75,1356,58,44
49,430,71,75
13,2173,68,80
81,3323,57,75
39,2195,70,50
97,1875,99,50
18,2502,53,80
19,2443,64,0
82,2954,96,75
60,3265,51,0
102,469,61,25
26,2223,74,75
74,2890,77,50
8,2594,63,0
47,3360,88,25
61,3551,76,90
77,1505,60,99
97,1886,58,75
46,866,82,80
38,2484,51,75
73,785,92,44
97,2798,60,90
24,238,85,0
20,3126,95,99
50,1007,89,44
88,2661,66,75
44,194,82,50
18,1706,59,0
7,1413,51,75
69,326,74,80
15,2962,99,99
64,65,94,25
47,1938,53,90
52,1292,89,75
75,933,82,80
28,857,95,50
19,2712,92,80
74,3602,86,80
58,3563,58,80
54,2064,55,50
95,2534,63,80
17,1173,67,90
66,602,69,0
60,1649,71,0
32,2093,66,0
72,2837,87,80
18,1336,50,75
58,3188,71,75
92,2600,71,25
94,1326,62,44
30,793,62,99
20,3240,53,80
91,2821,93,90
50,600,95,99
9,1259,93,44
16,1603,94,25
80,1241,57,75
26,2011,57,25
68,1402,60,0
10,1094,71,99
79,209,86,0
56,1348,85,44
65,2322,81,90
1,492,70,75
48,147,67,75
44,3362,65,25
56,1152,97,25
39,1926,57,99
29,2898,74,90
8,2424,99,75
45,1467,78,50
20,3531,53,99
57,1588,56,80
101,1000,78,99
97,3670,55,50
91,1079,71,25
19,290,79,0
3,1599,95,80
49,1204,75,80
95,506,92,99
59,1587,75,75
92,3504,88,90
55,293,88,99
13,889,88,90
94,1280,83,25
9,2832,71,44
86,2759,87,80
71,262,64,90
93,1805,73,0
82,2068,89,99
74,2008,97,90
54,423,73,80
33,2058,53,80
27,2655,67,50
40,2424,68,99
39,1355,51,90
74,1236,95,50
34,3265,79,90
22,292,68,50
46,1213,81,44
97,1857,96,44
75,2139,82,80
46,3188,94,44
6,473,99,25
67,1547,63,75
87,2791,66,44
58,2117,64,80
68,2015,100,90
4,1099,70,44
44,2383,54,50
100,2654,95,80
6,2600,89,25
19,1733,100,75
66,236,61,90
78,1022,98,25
43,344,76,80
37,3693,80,80
99,2928,69,90
23,1361,50,99
12,3017,70,50
89,2553,72,25
33,1686,83,0
13,178,77,75
19,1428,57,50
72,3725,58,25
90,1641,92,44
11,444,88,25
48,1721,71,80
89,2277,85,90
48,3509,57,99
88,3456,71,90
59,1904,63,75
40,3215,67,75
74,533,84,44
23,1181,56,99
74,1317,81,0
18,111,99,50
46,2795,96,25
28,2766,92,99
20,3126,95,99
1,1187,77,99
55,2538,75,80
1,3550,69,75
28,3720,124,80
15,2334,53,80
5,2555,76,90
74,119,87,44
34,3620,94,44
2,95,98,50
1,1057,59,44
102,282,90,80
77,1680,60,99
57,40,89,50
101,3251,78,50
75,1935,56,50
47,2082,89,99
75,980,98,80
7,2776,55,0
6,1330,81,75
97,3569,51,25
80,503,65,99
22,216,83,0
58,1503,70,90
42,327,87,80
70,2877,73,75
29,1192,98,80
87,1765,98,0
7,1793,80,44
20,1497,99,0
71,208,84,44
3,1947,59,0
5,2047,98,90
98,3124,87,90
40,599,54,80
75,1455,53,25
1,981,65,50
19,1428,57,50
90,3586,99,90
102,1797,89,90
91,599,73,80
58,2066,71,99
8,7,89,75
42,2329,61,50
69,1107,54,80
24,1638,93,25
18,2113,65,99
12,3276,95,90
33,823,93,25
88,1057,60,75
89,2565,82,80
84,3167,67,0
57,3370,70,25
41,1495,63,80
81,502,89,0
45,1302,89,50
32,2557,87,50
24,412,90,99
13,335,96,44
61,1601,86,0
77,103,51,0
59,1347,60,0
100,3175,95,99
60,1162,78,0
36,1959,70,25
53,582,68,90
28,2385,83,25
83,2170,89,99
7,3421,64,90
14,1866,85,80
82,1120,79,99
61,2537,92,50
18,2093,83,99
78,2956,98,0
82,2745,89,75
100,202,73,90
12,392,62,80
4,306,75,90
45,1224,76,99
93,1816,77,50
67,1255,72,90
40,1794,93,50
11,664,80,0
90,2597,69,50
43,1538,72,80
53,845,97,75
81,1317,91,99
92,1958,88,90
15,359,67,0
61,3509,78,90
96,1807,57,80
40,348,83,75
60,2777,92,50
63,228,81,50
5,2634,71,90
32,50,94,25
61,1747,73,90
29,3695,89,99
94,2129,72,44
83,1662,60,90
77,3023,57,90
23,2415,77,0
9,2030,99,25
89,3373,69,0
93,3442,90,80
50,1089,86,25
54,1055,77,44
54,2217,70,75
89,449,56,99
24,2866,60,0
101,301,53,75
45,2704,88,75
94,3161,99,25
24,196,93,44
12,780,93,25
41,2295,60,50
76,1936,69,75
24,543,63,80
28,3720,79,50
58,1894,53,99
31,2238,82,44
99,668,85,90
42,808,59,80
54,1643,67,50
19,939,81,50
70,1409,88,25
23,1181,56,99
10,746,97,75
35,3494,52,44
93,2336,91,75
94,122,71,75
55,2203,58,50
64,751,66,25
2,2229,59,80
81,2298,78,44
6,2473,91,44
82,3615,87,50
92,1512,65,80
48,3399,90,25
23,1971,54,90
74,42,77,0
61,70,68,50
7,2563,97,0
36,2911,56,75
8,476,68,99
51,522,52,25
15,2541,80,44
62,1991,57,44
38,2214,60,44
69,536,55,75
56,244,72,0
21,1958,53,25
61,3186,80,90
76,3542,76,44
49,794,55,90
91,1227,74,0
60,1158,69,99
48,2089,86,90
95,1926,92,44
74,1315,57,90
40,3404,82,90
40,537,100,50
92,3459,52,90
28,2616,51,44
1,2516,80,75
72,1402,56,99
75,2302,77,75
74,119,87,44
52,488,86,99
4,3117,53,75
56,1533,69,0
71,2968,52,0
51,2225,91,99
20,2751,79,90
26,1765,72,90
89,1694,92,80
79,646,75,90
32,2976,71,75
42,56,70,90
31,3283,97,44
52,2788,97,0
94,1391,76,99
74,3139,83,44
4,1809,56,75
44,1969,91,80
87,314,77,75
7,2290,55,25
17,279,98,25
11,1381,94,90
67,1322,95,90
68,1048,53,44
14,2656,73,75
32,311,63,44
46,1288,92,99
96,2746,74,99
40,1683,88,75
47,2474,61,25
100,2966,62,25
80,2985,51,0
10,3067,60,80
94,2825,60,75
93,3669,66,25
61,606,83,0
101,1056,83,50
5,614,71,80
1,2504,90,99
3,3276,68,99
67,94,82,80
45,1149,98,44
52,3239,54,80
6,1841,72,90
96,767,89,75
21,1198,88,0
0,455,56,0
35,2054,89,44
101,3070,53,50
72,1972,69,90
67,683,50,99
87,3598,76,99
29,2994,70,0
40,1047,71,99
41,1589,83,90
1,1947,68,80
86,1765,89,50
29,2631,79,44
58,2407,56,0
83,3568,68,50
13,2762,71,0
45,2483,95,99
55,3560,78,50
25,2686,96,25
76,1301,55,25
5,1609,84,0
94,2362,57,50
76,3133,51,25
58,483,51,0
95,1974,100,0
4,2201,76,90
100,898,61,50
74,2890,77,50
22,1930,88,0
28,1860,95,44
45,1302,89,50
37,3081,61,25
76,93,100,44
54,25,64,75
93,435,63,25
80,1486,71,99
45,1807,92,44
64,3594,58,0
71,412,66,80
95,259,98,80
56,1162,96,99
15,3082,68,80
63,1299,81,90
80,2828,72,99
0,2800,66,25
48,3241,69,75
54,2158,70,80
66,1876,100,90
60,343,67,25
39,1474,52,44
89,23,80,75
49,1465,83,44
99,2302,92,44
7,368,79,50
3,3325,68,44
50,1314,75,25
74,2019,72,44
34,2078,68,25
8,243,56,90
24,654,64,44
68,904,70,44
14,622,77,99
9,1115,90,80
11,512,62,50
43,344,76,80
68,1963,68,75
40,2108,72,44
77,2227,85,44
62,1204,56,80
40,459,83,90
52,3099,73,44
3,184,77,90
29,3030,72,0
99,3440,99,75
23,2540,69,75
101,504,86,0
79,3328,77,75
15,3057,93,44
11,1371,100,50
94,1171,61,0
91,23,67,80
54,25,64,75
71,782,79,50
84,2730,58,80
3,2255,92,80
4,2334,65,25
64,1289,59,80
77,1285,68,0
9,1312,56,75
56,1677,79,44
78,440,84,99
99,2928,69,90
93,608,87,80
65,947,97,75
9,2892,78,80
95,1436,88,80
74,1965,80,99
60,2168,87,25
10,3580,99,80
40,1521,85,80
68,430,65,90
3,2344,94,80
75,724,81,0
102,2095,73,50
1,2185,84,80
31,2780,65,75
40,2118,99,50
59,1892,74,80
88,2661,66,75
4,3587,67,44
41,1262,81,80
87,931,65,25
66,551,78,99
7,603,67,44
91,2281,71,90
10,746,97,75
78,3250,73,80
18,2502,53,80
0,3685,97,44
90,1556,66,44
91,1148,62,90
20,2803,72,75
44,277,80,0
18,2615,100,90
84,1974,81,0
85,2312,84,50
10,3395,60,0
4,1495,52,90
53,2206,97,44
5,2976,67,50